,cycles,winner
0,9,B
1,23,B
2,5,A
3,11,B
4,6,A
5,10,A
6,41,B
7,24,A
8,7,A
9,12,B
10,14,B
11,8,A
12,39,A
13,8,A
14,6,B
15,6,B
16,9,B
17,71,B
18,9,A
19,7,A
20,8,B
21,10,B
22,9,A
23,9,A
24,8,A
25,8,A
26,28,A
27,6,A
28,10,B
29,26,B
30,16,A
31,11,B
32,5,B
33,11,A
34,8,A
35,23,B
36,7,A
37,11,B
38,29,B
39,13,A
40,13,B
41,6,B
42,34,B
43,20,B
44,16,A
45,8,A
46,13,B
47,38,A
48,8,A
49,7,A
50,12,B
51,9,B
52,5,A
53,18,B
54,9,A
55,6,B
56,16,B
57,20,A
58,16,A
59,10,A
60,73,A
61,14,B
62,15,A
63,10,B
64,8,A
65,8,A
66,13,B
67,10,A
68,12,A
69,13,B
70,13,B
71,30,B
72,5,B
73,7,A
74,12,A
75,14,A
76,15,B
77,24,A
78,41,A
79,9,B
80,15,A
81,33,B
82,17,B
83,9,B
84,9,A
85,10,A
86,7,A
87,15,A
88,27,B
89,33,B
90,14,A
91,13,A
92,8,A
93,32,A
94,18,B
95,7,A
96,9,B
97,42,A
98,17,B
99,9,B
100,10,A
101,47,B
102,6,B
103,51,B
104,9,B
105,14,A
106,6,B
107,7,A
108,34,B
109,46,A
110,42,B
111,8,B
112,37,A
113,14,A
114,8,A
115,24,A
116,32,A
117,13,B
118,6,B
119,12,A
120,42,A
121,7,B
122,15,A
123,18,B
124,9,B
125,8,A
126,20,A
127,31,A
128,16,A
129,7,A
130,24,A
131,8,B
132,15,B
133,8,A
134,13,B
135,11,B
136,21,A
137,10,B
138,16,A
139,40,A
140,7,B
141,19,A
142,9,A
143,17,A
144,22,A
145,20,B
146,5,A
147,12,B
148,12,B
149,24,B
150,15,A
151,8,A
152,8,A
153,21,A
154,45,B
155,82,B
156,19,B
157,28,B
158,20,A
159,11,B
160,19,A
161,10,A
162,5,A
163,19,B
164,6,A
165,22,A
166,8,B
167,11,A
168,23,A
169,13,A
170,24,B
171,18,B
172,6,A
173,13,A
174,16,B
175,10,A
176,7,A
177,6,B
178,7,B
179,34,B
180,18,A
181,21,A
182,14,B
183,13,B
184,7,A
185,9,A
186,14,B
187,28,A
188,10,A
189,27,B
190,5,A
191,24,A
192,13,A
193,13,B
194,7,A
195,17,A
196,10,B
197,11,B
198,6,A
199,26,A
200,33,B
201,29,B
202,23,A
203,7,A
204,34,B
205,16,B
206,26,A
207,9,B
208,12,B
209,10,A
210,30,A
211,10,A
212,19,A
213,47,A
214,40,A
215,6,B
216,26,A
217,84,A
218,16,A
219,11,A
220,19,B
221,17,B
222,27,B
223,17,B
224,25,A
225,14,B
226,16,B
227,11,A
228,8,A
229,16,A
230,20,A
231,11,B
232,18,A
233,11,A
234,5,A
235,6,B
236,16,B
237,13,B
238,13,B
239,57,A
240,10,A
241,8,B
242,12,A
243,22,B
244,35,B
245,9,A
246,13,A
247,29,A
248,8,A
249,7,B
250,23,A
251,17,B
252,16,A
253,24,B
254,21,B
255,5,A
256,22,B
257,7,B
258,7,A
259,9,B
260,5,B
261,13,A
262,57,A
263,7,B
264,13,A
265,16,A
266,10,B
267,9,A
268,5,A
269,6,A
270,27,A
271,9,A
272,21,B
273,5,A
274,11,A
275,12,B
276,7,A
277,9,B
278,9,A
279,46,B
280,8,A
281,7,B
282,24,B
283,18,B
284,30,A
285,5,A
286,8,A
287,29,B
288,20,A
289,6,B
290,6,A
291,7,B
292,9,B
293,9,A
294,12,A
295,6,B
296,8,A
297,7,B
298,6,A
299,9,B
300,10,B
301,14,A
302,14,B
303,24,A
304,14,B
305,11,A
306,24,A
307,5,A
308,24,B
309,6,B
310,13,B
311,14,A
312,14,A
313,13,B
314,45,B
315,13,B
316,7,B
317,16,A
318,7,B
319,15,B
320,16,A
321,6,A
322,10,A
323,7,A
324,15,A
325,7,A
326,15,B
327,58,B
328,26,A
329,5,B
330,14,A
331,26,B
332,25,B
333,11,B
334,7,B
335,6,A
336,8,A
337,5,A
338,14,B
339,7,A
340,41,B
341,11,A
342,8,B
343,6,A
344,7,B
345,16,A
346,8,A
347,12,B
348,7,B
349,7,A
350,19,B
351,22,B
352,13,B
353,11,A
354,5,A
355,6,A
356,23,A
357,13,B
358,23,A
359,11,B
360,13,B
361,11,A
362,6,B
363,11,B
364,13,B
365,14,B
366,24,B
367,66,A
368,33,B
369,27,A
370,32,A
371,25,B
372,6,A
373,6,A
374,20,A
375,17,A
376,34,B
377,12,B
378,27,B
379,13,A
380,35,B
381,25,A
382,40,B
383,17,A
384,8,A
385,18,B
386,31,A
387,6,A
388,12,B
389,7,A
390,9,A
391,21,B
392,18,B
393,6,A
394,23,A
395,13,A
396,21,B
397,15,B
398,13,A
399,20,A
400,18,B
401,12,B
402,18,B
403,8,A
404,35,B
405,33,B
406,20,A
407,8,B
408,7,A
409,17,B
410,8,A
411,29,B
412,11,B
413,9,B
414,5,B
415,10,B
416,20,A
417,11,A
418,8,B
419,16,B
420,21,A
421,18,A
422,37,B
423,6,A
424,15,A
425,16,B
426,24,B
427,16,B
428,16,A
429,53,A
430,54,A
431,14,B
432,21,A
433,6,A
434,78,B
435,17,B
436,9,B
437,13,B
438,20,A
439,10,A
440,58,A
441,31,B
442,10,A
443,34,A
444,6,A
445,9,B
446,34,A
447,17,A
448,12,B
449,32,A
450,8,B
451,23,B
452,11,B
453,23,B
454,13,A
455,6,B
456,21,B
457,27,B
458,7,A
459,23,A
460,10,B
461,26,A
462,7,B
463,6,B
464,5,B
465,5,A
466,12,A
467,11,B
468,101,A
469,7,A
470,18,A
471,7,B
472,21,B
473,34,A
474,14,A
475,6,A
476,8,B
477,20,B
478,24,A
479,51,B
480,11,A
481,20,B
482,20,B
483,22,A
484,38,A
485,10,B
486,34,A
487,6,B
488,14,A
489,48,B
490,10,B
491,5,B
492,35,B
493,10,A
494,8,A
495,14,A
496,32,B
497,10,A
498,7,A
499,22,B
500,8,B
501,34,A
502,5,B
503,7,A
504,7,A
505,17,B
506,23,B
507,15,A
508,9,B
509,10,B
510,14,B
511,5,A
512,14,B
513,26,A
514,9,B
515,8,A
516,27,B
517,9,B
518,10,A
519,36,A
520,11,A
521,20,B
522,6,B
523,22,A
524,6,A
525,21,B
526,10,A
527,10,A
528,5,B
529,5,A
530,15,B
531,7,A
532,23,A
533,12,A
534,25,B
535,36,B
536,26,A
537,25,A
538,23,A
539,13,B
540,13,B
541,6,A
542,46,B
543,6,A
544,6,B
545,9,B
546,10,B
547,25,A
548,11,B
549,6,A
550,27,B
551,8,B
552,6,A
553,15,B
554,10,B
555,12,A
556,37,B
557,11,B
558,6,A
559,7,A
560,16,B
561,13,B
562,23,B
563,5,B
564,13,A
565,19,B
566,18,A
567,36,B
568,28,A
569,7,A
570,21,B
571,17,A
572,15,A
573,12,A
574,8,A
575,24,A
576,14,A
577,45,A
578,6,A
579,20,A
580,14,A
581,20,B
582,32,B
583,28,B
584,7,B
585,31,B
586,26,B
587,6,B
588,26,B
589,17,B
590,20,B
591,22,A
592,8,A
593,7,B
594,52,A
595,8,B
596,19,B
597,16,B
598,6,B
599,12,B
600,29,A
601,27,B
602,24,B
603,9,A
604,17,B
605,5,B
606,7,A
607,15,B
608,26,A
609,6,A
610,9,A
611,17,A
612,19,B
613,29,A
614,8,B
615,8,B
616,26,A
617,5,B
618,9,B
619,11,A
620,59,A
621,88,A
622,32,A
623,27,A
624,58,B
625,20,A
626,17,B
627,22,A
628,9,A
629,7,A
630,22,A
631,25,B
632,16,A
633,73,A
634,53,A
635,12,A
636,6,A
637,5,B
638,17,B
639,8,B
640,20,A
641,18,A
642,86,A
643,55,A
644,12,A
645,10,A
646,10,A
647,14,A
648,20,B
649,5,B
650,18,A
651,29,A
652,21,B
653,43,B
654,15,A
655,8,B
656,17,A
657,9,A
658,17,B
659,13,A
660,14,A
661,30,A
662,30,A
663,26,A
664,5,A
665,21,B
666,10,A
667,23,A
668,6,A
669,14,A
670,7,A
671,27,B
672,26,A
673,12,B
674,7,B
675,27,B
676,8,A
677,7,B
678,18,A
679,8,A
680,48,B
681,9,B
682,17,A
683,6,B
684,12,B
685,14,B
686,19,A
687,21,B
688,23,B
689,23,A
690,25,A
691,27,B
692,36,A
693,9,A
694,11,B
695,5,B
696,9,B
697,36,B
698,30,A
699,14,B
700,6,B
701,23,B
702,14,B
703,13,B
704,5,B
705,10,A
706,9,B
707,5,B
708,11,A
709,7,B
710,54,A
711,12,A
712,11,A
713,7,A
714,49,A
715,17,B
716,10,A
717,27,A
718,37,B
719,14,A
720,14,B
721,19,B
722,13,B
723,15,A
724,21,A
725,5,A
726,7,B
727,7,B
728,12,A
729,31,B
730,23,B
731,12,A
732,9,B
733,15,B
734,9,B
735,5,B
736,14,A
737,5,A
738,17,B
739,11,B
740,6,B
741,55,A
742,5,B
743,9,A
744,16,A
745,9,B
746,29,A
747,28,A
748,5,A
749,34,A
750,7,B
751,13,A
752,93,B
753,27,A
754,40,B
755,11,B
756,31,B
757,5,B
758,24,B
759,50,B
760,8,B
761,10,B
762,12,A
763,7,A
764,25,B
765,5,A
766,14,B
767,20,B
768,16,B
769,52,B
770,16,B
771,10,B
772,22,A
773,13,B
774,7,B
775,19,B
776,21,B
777,20,B
778,10,B
779,13,B
780,21,A
781,13,B
782,14,A
783,5,B
784,27,B
785,32,A
786,8,B
787,36,A
788,11,B
789,7,A
790,12,B
791,45,B
792,12,A
793,14,B
794,29,A
795,10,B
796,11,B
797,7,A
798,19,B
799,10,A
800,52,A
801,30,B
802,14,A
803,48,B
804,15,B
805,41,A
806,7,B
807,12,B
808,13,A
809,11,B
810,13,B
811,79,B
812,10,A
813,8,B
814,16,A
815,13,A
816,10,B
817,17,B
818,22,A
819,9,A
820,5,A
821,12,B
822,16,B
823,7,B
824,39,B
825,17,A
826,16,B
827,13,A
828,10,B
829,6,A
830,9,B
831,5,A
832,29,B
833,7,B
834,17,B
835,34,B
836,10,A
837,5,A
838,25,A
839,12,B
840,11,A
841,6,A
842,14,A
843,8,B
844,20,A
845,21,A
846,11,B
847,14,A
848,17,B
849,10,B
850,8,B
851,18,A
852,15,B
853,7,A
854,5,B
855,10,B
856,43,A
857,14,B
858,16,B
859,9,A
860,15,B
861,8,B
862,6,B
863,23,A
864,17,B
865,18,A
866,25,B
867,10,B
868,13,B
869,15,A
870,20,A
871,39,B
872,21,B
873,12,B
874,51,A
875,9,B
876,25,A
877,5,B
878,26,B
879,19,A
880,12,B
881,10,A
882,42,A
883,29,A
884,18,A
885,7,B
886,12,A
887,18,A
888,6,B
889,28,A
890,8,B
891,5,B
892,6,A
893,7,B
894,22,B
895,6,B
896,30,A
897,17,A
898,20,A
899,45,A
900,12,A
901,11,A
902,8,B
903,15,A
904,7,A
905,24,A
906,24,A
907,22,B
908,11,A
909,12,B
910,26,A
911,7,A
912,36,A
913,8,A
914,21,A
915,35,B
916,25,B
917,19,A
918,9,B
919,8,A
920,9,A
921,33,B
922,49,A
923,22,A
924,17,A
925,6,B
926,7,A
927,24,B
928,9,B
929,66,B
930,14,B
931,29,B
932,6,A
933,15,B
934,16,A
935,15,B
936,29,A
937,18,A
938,10,B
939,6,A
940,11,B
941,13,A
942,8,A
943,12,B
944,7,A
945,5,A
946,7,B
947,5,B
948,15,A
949,31,A
950,17,B
951,11,B
952,10,B
953,19,B
954,11,A
955,5,B
956,22,B
957,8,B
958,15,A
959,8,A
960,5,B
961,8,A
962,18,B
963,16,B
964,19,B
965,19,B
966,15,A
967,66,A
968,9,B
969,42,B
970,15,B
971,7,A
972,25,A
973,37,B
974,14,A
975,6,B
976,7,A
977,46,A
978,5,B
979,20,B
980,11,A
981,14,B
982,25,B
983,13,A
984,21,B
985,66,A
986,20,A
987,8,A
988,8,A
989,14,B
990,10,B
991,5,A
992,7,A
993,16,A
994,9,B
995,8,B
996,10,A
997,29,B
998,17,A
999,8,A
1000,21,B
1001,11,B
1002,7,B
1003,18,A
1004,15,A
1005,56,A
1006,7,A
1007,6,B
1008,37,B
1009,22,A
1010,43,A
1011,9,B
1012,51,B
1013,8,B
1014,18,A
1015,12,B
1016,11,B
1017,25,B
1018,34,B
1019,5,B
1020,28,B
1021,10,B
1022,7,A
1023,7,B
1024,33,A
1025,30,A
1026,14,A
1027,19,A
1028,11,A
1029,46,B
1030,14,B
1031,11,B
1032,49,A
1033,17,B
1034,8,B
1035,15,A
1036,18,B
1037,19,B
1038,6,A
1039,14,B
1040,5,A
1041,16,A
1042,14,B
1043,5,B
1044,12,A
1045,14,B
1046,8,A
1047,39,A
1048,11,B
1049,15,B
1050,7,B
1051,23,A
1052,28,A
1053,38,B
1054,45,A
1055,24,B
1056,15,B
1057,18,B
1058,33,B
1059,27,B
1060,14,B
1061,10,B
1062,15,B
1063,12,B
1064,7,A
1065,26,B
1066,17,A
1067,12,B
1068,58,A
1069,6,A
1070,8,B
1071,6,A
1072,25,B
1073,7,A
1074,6,B
1075,14,A
1076,19,B
1077,15,A
1078,8,B
1079,16,B
1080,24,A
1081,31,B
1082,30,A
1083,8,B
1084,9,A
1085,14,B
1086,27,A
1087,7,B
1088,14,B
1089,7,A
1090,30,A
1091,28,B
1092,28,A
1093,10,A
1094,29,A
1095,9,B
1096,29,A
1097,8,A
1098,21,B
1099,5,A
1100,17,A
1101,36,B
1102,33,A
1103,6,A
1104,7,B
1105,5,A
1106,10,B
1107,18,B
1108,18,B
1109,7,A
1110,51,B
1111,27,A
1112,9,B
1113,16,A
1114,10,A
1115,33,B
1116,9,A
1117,17,B
1118,9,A
1119,9,A
1120,8,A
1121,18,A
1122,14,B
1123,9,A
1124,11,B
1125,14,A
1126,10,B
1127,8,B
1128,8,B
1129,7,A
1130,11,A
1131,23,B
1132,15,A
1133,5,B
1134,36,B
1135,6,A
1136,20,A
1137,17,B
1138,33,A
1139,15,A
1140,15,A
1141,5,B
1142,8,B
1143,29,B
1144,24,B
1145,9,A
1146,57,A
1147,10,B
1148,10,B
1149,18,A
1150,20,B
1151,31,A
1152,9,A
1153,7,B
1154,8,A
1155,10,B
1156,17,A
1157,11,A
1158,24,B
1159,38,A
1160,5,A
1161,11,B
1162,11,B
1163,14,B
1164,13,B
1165,22,A
1166,16,A
1167,5,B
1168,8,B
1169,26,B
1170,5,B
1171,8,B
1172,40,A
1173,51,B
1174,23,A
1175,8,B
1176,5,B
1177,13,B
1178,15,B
1179,13,A
1180,8,B
1181,11,A
1182,12,B
1183,15,A
1184,7,B
1185,24,A
1186,10,B
1187,30,B
1188,24,A
1189,13,A
1190,6,A
1191,26,A
1192,49,A
1193,10,B
1194,19,A
1195,39,A
1196,15,A
1197,47,B
1198,14,A
1199,5,B
1200,12,A
1201,18,B
1202,14,A
1203,44,A
1204,11,A
1205,26,A
1206,26,B
1207,6,B
1208,5,A
1209,38,A
1210,9,B
1211,9,B
1212,22,B
1213,15,B
1214,7,B
1215,14,A
1216,21,A
1217,37,A
1218,7,B
1219,7,A
1220,10,A
1221,9,A
1222,23,A
1223,5,A
1224,20,A
1225,5,A
1226,6,B
1227,6,A
1228,5,A
1229,23,B
1230,10,B
1231,8,B
1232,10,A
1233,7,A
1234,11,A
1235,6,A
1236,6,A
1237,14,B
1238,34,B
1239,15,A
1240,6,B
1241,18,B
1242,20,B
1243,6,B
1244,36,B
1245,8,A
1246,49,A
1247,22,A
1248,5,B
1249,15,B
1250,56,B
1251,36,B
1252,14,A
1253,9,B
1254,16,B
1255,12,B
1256,57,A
1257,6,A
1258,27,A
1259,13,B
1260,7,A
1261,25,B
1262,9,A
1263,32,A
1264,6,A
1265,10,B
1266,21,B
1267,7,A
1268,18,B
1269,25,B
1270,35,B
1271,34,A
1272,7,B
1273,25,A
1274,6,A
1275,7,A
1276,28,B
1277,6,B
1278,17,A
1279,7,B
1280,36,A
1281,46,B
1282,11,A
1283,17,B
1284,6,B
1285,11,A
1286,12,B
1287,31,A
1288,30,A
1289,57,A
1290,9,B
1291,5,A
1292,6,B
1293,42,A
1294,11,B
1295,26,B
1296,21,B
1297,10,B
1298,18,A
1299,10,B
1300,9,A
1301,9,A
1302,14,B
1303,8,B
1304,26,B
1305,16,B
1306,10,B
1307,6,B
1308,10,A
1309,16,B
1310,15,B
1311,36,A
1312,24,A
1313,30,A
1314,6,A
1315,11,A
1316,6,A
1317,19,A
1318,20,B
1319,11,A
1320,5,A
1321,15,B
1322,10,B
1323,11,A
1324,14,B
1325,39,B
1326,15,A
1327,10,B
1328,13,A
1329,16,A
1330,20,A
1331,23,B
1332,9,B
1333,14,B
1334,6,A
1335,5,B
1336,6,B
1337,19,A
1338,19,B
1339,28,A
1340,36,B
1341,5,B
1342,28,A
1343,8,A
1344,13,B
1345,8,A
1346,7,B
1347,37,B
1348,6,B
1349,11,A
1350,16,B
1351,9,A
1352,9,B
1353,11,B
1354,21,A
1355,39,A
1356,60,B
1357,7,A
1358,11,B
1359,17,A
1360,22,B
1361,22,A
1362,10,A
1363,9,B
1364,8,B
1365,14,B
1366,31,A
1367,9,A
1368,23,A
1369,23,A
1370,39,A
1371,19,B
1372,27,A
1373,5,A
1374,6,A
1375,11,A
1376,8,A
1377,31,A
1378,25,A
1379,8,A
1380,22,B
1381,12,B
1382,14,B
1383,10,B
1384,10,A
1385,13,A
1386,12,B
1387,40,B
1388,20,B
1389,9,A
1390,17,A
1391,22,B
1392,8,A
1393,6,B
1394,22,A
1395,9,B
1396,20,A
1397,6,B
1398,7,A
1399,13,A
1400,20,A
1401,7,A
1402,14,B
1403,15,B
1404,25,B
1405,10,B
1406,16,B
1407,5,A
1408,21,B
1409,9,A
1410,35,B
1411,20,A
1412,9,B
1413,34,A
1414,9,A
1415,18,A
1416,9,A
1417,10,B
1418,11,B
1419,6,A
1420,5,A
1421,7,A
1422,5,A
1423,17,B
1424,20,B
1425,24,B
1426,13,B
1427,9,A
1428,35,B
1429,32,B
1430,27,A
1431,8,A
1432,10,A
1433,10,B
1434,9,B
1435,22,B
1436,26,B
1437,18,A
1438,8,A
1439,12,A
1440,19,A
1441,9,A
1442,26,A
1443,18,B
1444,5,A
1445,20,B
1446,11,A
1447,6,A
1448,19,B
1449,7,B
1450,33,B
1451,6,B
1452,20,A
1453,14,B
1454,11,A
1455,12,A
1456,14,A
1457,34,A
1458,26,A
1459,19,B
1460,45,B
1461,11,A
1462,8,B
1463,17,A
1464,10,A
1465,11,A
1466,11,A
1467,18,A
1468,40,A
1469,13,B
1470,7,A
1471,12,B
1472,18,A
1473,22,B
1474,24,B
1475,7,A
1476,17,B
1477,14,B
1478,16,A
1479,12,B
1480,46,B
1481,38,A
1482,32,B
1483,33,B
1484,19,A
1485,7,A
1486,8,B
1487,17,B
1488,28,A
1489,20,A
1490,36,A
1491,16,B
1492,13,A
1493,5,A
1494,10,B
1495,6,B
1496,40,A
1497,29,A
1498,18,B
1499,36,A
1500,9,A
1501,6,B
1502,23,B
1503,10,A
1504,7,A
1505,14,B
1506,10,B
1507,14,A
1508,12,B
1509,11,B
1510,12,A
1511,7,A
1512,7,A
1513,21,A
1514,37,A
1515,7,A
1516,8,A
1517,32,B
1518,26,A
1519,5,A
1520,8,B
1521,48,B
1522,44,B
1523,9,A
1524,22,A
1525,8,A
1526,20,A
1527,12,B
1528,9,A
1529,16,A
1530,39,B
1531,11,B
1532,12,A
1533,5,B
1534,48,A
1535,14,A
1536,6,B
1537,22,A
1538,20,B
1539,6,B
1540,34,B
1541,6,B
1542,6,A
1543,9,B
1544,37,A
1545,21,B
1546,12,A
1547,16,B
1548,23,A
1549,21,A
1550,16,A
1551,10,A
1552,6,A
1553,24,A
1554,18,A
1555,43,B
1556,43,A
1557,21,A
1558,20,B
1559,54,B
1560,22,B
1561,13,B
1562,9,A
1563,24,B
1564,33,A
1565,8,B
1566,10,B
1567,15,A
1568,34,B
1569,6,A
1570,5,B
1571,5,A
1572,10,A
1573,28,A
1574,7,B
1575,9,B
1576,8,B
1577,14,B
1578,35,B
1579,24,A
1580,23,A
1581,15,A
1582,13,B
1583,5,B
1584,49,B
1585,11,A
1586,23,A
1587,19,A
1588,8,A
1589,26,B
1590,12,A
1591,23,B
1592,6,B
1593,9,A
1594,7,A
1595,10,A
1596,10,A
1597,37,A
1598,26,B
1599,10,B
1600,40,A
1601,15,B
1602,25,B
1603,15,B
1604,29,B
1605,7,A
1606,7,A
1607,18,B
1608,25,B
1609,22,A
1610,15,B
1611,8,A
1612,6,B
1613,23,B
1614,10,A
1615,23,A
1616,7,A
1617,12,A
1618,5,B
1619,11,A
1620,6,A
1621,7,A
1622,30,A
1623,13,A
1624,22,A
1625,16,B
1626,16,B
1627,35,B
1628,26,B
1629,15,B
1630,12,B
1631,9,B
1632,19,B
1633,27,B
1634,18,B
1635,16,B
1636,10,A
1637,51,A
1638,26,B
1639,9,B
1640,16,A
1641,11,A
1642,33,B
1643,28,B
1644,11,B
1645,15,B
1646,24,B
1647,5,A
1648,5,B
1649,20,B
1650,25,A
1651,9,A
1652,18,A
1653,7,A
1654,35,A
1655,12,A
1656,18,B
1657,26,B
1658,14,B
1659,28,A
1660,72,A
1661,13,B
1662,11,B
1663,29,A
1664,13,B
1665,21,A
1666,7,B
1667,22,B
1668,9,A
1669,43,A
1670,14,B
1671,10,B
1672,7,A
1673,11,A
1674,11,B
1675,19,B
1676,12,B
1677,28,A
1678,5,A
1679,22,A
1680,20,B
1681,21,A
1682,13,A
1683,24,B
1684,6,A
1685,9,B
1686,9,A
1687,12,A
1688,7,A
1689,16,B
1690,17,A
1691,12,A
1692,37,A
1693,17,A
1694,11,A
1695,12,A
1696,22,A
1697,14,B
1698,28,A
1699,19,A
1700,8,A
1701,12,B
1702,7,B
1703,20,A
1704,39,A
1705,11,A
1706,14,B
1707,27,A
1708,24,B
1709,7,A
1710,10,B
1711,6,A
1712,9,A
1713,54,B
1714,8,A
1715,8,B
1716,22,B
1717,16,A
1718,24,B
1719,16,A
1720,17,B
1721,42,B
1722,22,A
1723,32,B
1724,11,A
1725,8,B
1726,31,B
1727,41,B
1728,33,A
1729,13,A
1730,12,B
1731,7,B
1732,6,B
1733,26,B
1734,6,B
1735,31,B
1736,13,A
1737,19,A
1738,7,A
1739,21,B
1740,7,A
1741,6,A
1742,43,A
1743,24,B
1744,14,A
1745,46,B
1746,36,B
1747,8,B
1748,10,A
1749,58,A
1750,13,B
1751,16,A
1752,21,A
1753,10,A
1754,5,A
1755,25,A
1756,18,A
1757,48,A
1758,27,A
1759,11,B
1760,6,B
1761,15,B
1762,18,B
1763,13,B
1764,5,A
1765,13,B
1766,23,B
1767,5,B
1768,25,A
1769,52,A
1770,31,B
1771,8,A
1772,9,B
1773,28,B
1774,8,A
1775,5,A
1776,13,B
1777,7,B
1778,6,B
1779,10,B
1780,11,A
1781,9,B
1782,8,A
1783,11,B
1784,28,A
1785,15,B
1786,19,B
1787,42,A
1788,19,A
1789,6,B
1790,16,A
1791,33,B
1792,5,B
1793,44,A
1794,15,A
1795,5,B
1796,13,A
1797,11,B
1798,7,A
1799,24,A
1800,9,B
1801,10,B
1802,7,B
1803,16,B
1804,16,B
1805,7,A
1806,24,A
1807,5,A
1808,17,B
1809,23,B
1810,33,B
1811,14,B
1812,5,A
1813,7,B
1814,5,B
1815,32,B
1816,7,B
1817,14,A
1818,7,A
1819,10,B
1820,34,A
1821,35,B
1822,7,A
1823,15,B
1824,9,B
1825,8,A
1826,14,A
1827,14,A
1828,9,B
1829,12,A
1830,8,A
1831,12,B
1832,18,A
1833,12,B
1834,29,B
1835,6,B
1836,12,B
1837,10,B
1838,6,A
1839,7,A
1840,10,B
1841,11,A
1842,7,B
1843,56,B
1844,6,A
1845,10,A
1846,10,B
1847,9,B
1848,25,B
1849,7,A
1850,15,A
1851,24,A
1852,6,A
1853,8,B
1854,8,B
1855,16,A
1856,19,A
1857,14,B
1858,34,A
1859,23,B
1860,14,A
1861,6,A
1862,11,A
1863,24,B
1864,27,B
1865,7,B
1866,15,B
1867,12,B
1868,17,B
1869,26,B
1870,5,B
1871,10,A
1872,7,B
1873,8,A
1874,6,B
1875,28,B
1876,6,A
1877,7,A
1878,59,B
1879,11,A
1880,10,B
1881,16,B
1882,26,B
1883,10,A
1884,66,A
1885,10,A
1886,5,A
1887,6,B
1888,22,B
1889,9,B
1890,9,A
1891,12,A
1892,13,B
1893,40,B
1894,13,A
1895,9,B
1896,57,A
1897,12,A
1898,6,A
1899,18,A
1900,5,B
1901,15,A
1902,19,B
1903,6,A
1904,26,B
1905,40,A
1906,27,B
1907,15,A
1908,10,A
1909,10,A
1910,15,B
1911,29,B
1912,8,A
1913,5,B
1914,13,B
1915,10,A
1916,11,A
1917,11,B
1918,7,B
1919,12,B
1920,16,B
1921,17,B
1922,18,A
1923,6,A
1924,11,B
1925,6,A
1926,8,B
1927,9,B
1928,7,A
1929,32,A
1930,23,A
1931,8,A
1932,17,A
1933,77,A
1934,17,B
1935,24,A
1936,7,A
1937,24,B
1938,11,A
1939,16,B
1940,11,B
1941,10,A
1942,7,A
1943,30,A
1944,8,B
1945,6,A
1946,42,B
1947,10,B
1948,20,A
1949,27,B
1950,12,A
1951,112,B
1952,26,A
1953,29,A
1954,7,A
1955,38,A
1956,18,B
1957,65,B
1958,36,B
1959,21,B
1960,5,A
1961,7,B
1962,6,B
1963,10,B
1964,6,A
1965,20,A
1966,17,B
1967,17,A
1968,48,A
1969,39,A
1970,17,B
1971,5,A
1972,9,A
1973,11,B
1974,6,B
1975,12,B
1976,38,B
1977,78,A
1978,11,A
1979,10,B
1980,12,A
1981,9,A
1982,10,A
1983,33,A
1984,21,A
1985,30,B
1986,6,A
1987,30,A
1988,49,B
1989,8,A
1990,14,B
1991,6,B
1992,8,A
1993,11,B
1994,19,A
1995,14,A
1996,19,A
1997,31,A
1998,5,A
1999,18,B
2000,25,A
2001,11,A
2002,8,B
2003,12,A
2004,7,B
2005,60,B
2006,23,A
2007,5,A
2008,6,A
2009,6,A
2010,59,A
2011,25,A
2012,7,B
2013,20,B
2014,16,A
2015,6,A
2016,8,A
2017,37,A
2018,38,A
2019,7,B
2020,8,A
2021,12,A
2022,10,B
2023,44,B
2024,13,B
2025,8,B
2026,7,A
2027,16,B
2028,8,A
2029,19,A
2030,6,A
2031,18,A
2032,28,A
2033,15,B
2034,29,A
2035,21,B
2036,6,B
2037,19,B
2038,9,B
2039,17,A
2040,20,A
2041,23,B
2042,34,B
2043,22,A
2044,6,A
2045,9,B
2046,6,B
2047,40,A
2048,36,A
2049,17,B
2050,41,A
2051,26,B
2052,5,A
2053,6,B
2054,72,A
2055,10,A
2056,7,B
2057,8,A
2058,16,A
2059,26,B
2060,7,A
2061,15,B
2062,11,B
2063,20,B
2064,9,B
2065,11,B
2066,5,B
2067,10,B
2068,23,B
2069,33,A
2070,26,A
2071,9,A
2072,7,B
2073,6,A
2074,16,A
2075,46,B
2076,15,B
2077,26,B
2078,15,A
2079,10,A
2080,27,B
2081,26,A
2082,12,B
2083,17,B
2084,47,A
2085,53,A
2086,9,A
2087,5,A
2088,20,A
2089,5,B
2090,7,A
2091,17,A
2092,7,A
2093,15,A
2094,9,B
2095,19,A
2096,10,B
2097,15,B
2098,10,B
2099,11,A
2100,9,A
2101,15,A
2102,7,B
2103,8,B
2104,5,B
2105,5,B
2106,13,A
2107,14,A
2108,28,A
2109,14,A
2110,32,A
2111,14,B
2112,14,A
2113,35,B
2114,34,A
2115,15,A
2116,16,A
2117,37,B
2118,17,A
2119,8,A
2120,48,A
2121,6,B
2122,8,B
2123,44,A
2124,9,A
2125,12,B
2126,18,B
2127,9,B
2128,7,B
2129,8,A
2130,20,A
2131,19,A
2132,7,B
2133,6,B
2134,26,A
2135,6,B
2136,22,B
2137,26,B
2138,29,B
2139,14,A
2140,15,A
2141,15,A
2142,8,A
2143,5,B
2144,18,A
2145,20,B
2146,6,A
2147,36,A
2148,42,B
2149,6,A
2150,15,B
2151,13,A
2152,11,B
2153,11,A
2154,64,A
2155,12,A
2156,13,A
2157,24,A
2158,7,B
2159,5,B
2160,13,B
2161,6,B
2162,11,B
2163,26,B
2164,45,B
2165,11,B
2166,11,A
2167,47,B
2168,10,B
2169,11,A
2170,17,A
2171,27,A
2172,21,A
2173,17,A
2174,13,B
2175,11,B
2176,11,B
2177,6,B
2178,5,B
2179,16,A
2180,16,A
2181,21,B
2182,29,B
2183,20,B
2184,8,B
2185,10,A
2186,23,A
2187,8,B
2188,44,B
2189,25,B
2190,8,A
2191,12,B
2192,30,A
2193,5,B
2194,31,A
2195,35,A
2196,6,A
2197,22,A
2198,6,A
2199,29,A
2200,26,A
2201,36,B
2202,12,A
2203,16,B
2204,13,A
2205,11,B
2206,32,B
2207,18,B
2208,10,A
2209,24,A
2210,9,A
2211,31,B
2212,20,A
2213,14,A
2214,11,A
2215,41,B
2216,15,B
2217,13,B
2218,14,B
2219,13,A
2220,19,A
2221,18,A
2222,27,A
2223,17,B
2224,12,A
2225,9,B
2226,37,B
2227,11,A
2228,24,B
2229,25,A
2230,8,A
2231,5,A
2232,41,B
2233,7,A
2234,7,A
2235,8,B
2236,15,B
2237,10,B
2238,16,A
2239,39,A
2240,20,A
2241,7,A
2242,14,A
2243,10,B
2244,5,B
2245,10,B
2246,14,B
2247,27,A
2248,5,A
2249,7,A
2250,6,B
2251,6,A
2252,23,B
2253,29,B
2254,16,A
2255,14,B
2256,9,B
2257,12,A
2258,15,B
2259,34,B
2260,6,A
2261,9,B
2262,8,B
2263,16,A
2264,11,B
2265,28,A
2266,6,B
2267,15,B
2268,7,B
2269,14,A
2270,22,B
2271,31,B
2272,13,B
2273,10,B
2274,21,A
2275,5,A
2276,29,A
2277,37,A
2278,8,A
2279,35,B
2280,9,A
2281,22,A
2282,41,A
2283,6,B
2284,26,B
2285,27,B
2286,21,B
2287,22,A
2288,14,A
2289,18,A
2290,12,B
2291,11,B
2292,16,B
2293,19,A
2294,12,A
2295,7,A
2296,19,A
2297,39,A
2298,32,B
2299,15,A
2300,30,A
2301,7,A
2302,15,B
2303,5,B
2304,10,B
2305,7,A
2306,13,B
2307,6,A
2308,8,A
2309,30,B
2310,16,A
2311,11,A
2312,18,A
2313,16,A
2314,22,B
2315,42,A
2316,49,A
2317,6,B
2318,14,A
2319,24,B
2320,10,A
2321,22,A
2322,8,B
2323,6,B
2324,14,A
2325,8,B
2326,14,B
2327,12,B
2328,22,B
2329,12,B
2330,17,A
2331,8,A
2332,5,B
2333,10,A
2334,50,A
2335,14,B
2336,11,A
2337,7,A
2338,6,B
2339,5,B
2340,12,A
2341,7,A
2342,17,A
2343,18,B
2344,32,B
2345,13,B
2346,9,B
2347,16,B
2348,6,A
2349,33,A
2350,16,B
2351,18,B
2352,57,B
2353,29,A
2354,38,A
2355,7,B
2356,36,B
2357,9,A
2358,7,B
2359,10,B
2360,15,B
2361,6,B
2362,17,A
2363,8,B
2364,6,B
2365,25,A
2366,6,B
2367,21,B
2368,9,B
2369,7,B
2370,33,B
2371,8,B
2372,13,B
2373,7,A
2374,46,A
2375,48,A
2376,11,B
2377,8,B
2378,10,B
2379,13,A
2380,19,B
2381,13,A
2382,5,A
2383,12,B
2384,26,B
2385,10,A
2386,27,A
2387,21,A
2388,47,A
2389,10,A
2390,54,A
2391,6,A
2392,20,B
2393,12,B
2394,5,A
2395,8,B
2396,8,A
2397,36,B
2398,7,A
2399,6,A
2400,11,B
2401,6,B
2402,5,A
2403,6,A
2404,30,B
2405,10,A
2406,12,A
2407,7,A
2408,34,B
2409,7,B
2410,22,B
2411,5,B
2412,17,A
2413,14,B
2414,17,B
2415,9,A
2416,6,A
2417,15,A
2418,6,A
2419,10,B
2420,21,A
2421,15,A
2422,27,A
2423,7,A
2424,6,B
2425,13,A
2426,12,B
2427,6,A
2428,8,A
2429,6,A
2430,9,B
2431,7,B
2432,22,A
2433,10,B
2434,7,B
2435,34,A
2436,5,B
2437,16,B
2438,13,B
2439,49,B
2440,5,B
2441,13,A
2442,6,B
2443,19,B
2444,11,A
2445,47,A
2446,10,A
2447,15,B
2448,8,A
2449,5,B
2450,7,A
2451,16,B
2452,7,A
2453,15,A
2454,10,B
2455,8,B
2456,34,B
2457,20,B
2458,8,A
2459,39,A
2460,21,B
2461,13,A
2462,6,B
2463,35,A
2464,19,B
2465,9,A
2466,8,B
2467,13,B
2468,10,A
2469,16,A
2470,14,B
2471,49,A
2472,18,B
2473,9,B
2474,19,B
2475,24,A
2476,28,B
2477,15,A
2478,38,B
2479,6,B
2480,43,A
2481,30,B
2482,38,B
2483,14,B
2484,11,A
2485,8,B
2486,25,B
2487,10,B
2488,30,B
2489,20,A
2490,9,B
2491,35,B
2492,9,A
2493,22,A
2494,18,B
2495,18,B
2496,34,A
2497,35,B
2498,24,B
2499,24,A
2500,11,B
2501,5,B
2502,15,B
2503,10,A
2504,10,B
2505,8,A
2506,5,B
2507,24,B
2508,6,A
2509,21,A
2510,18,A
2511,14,B
2512,19,A
2513,10,B
2514,56,A
2515,5,B
2516,12,A
2517,5,A
2518,25,A
2519,17,B
2520,12,A
2521,14,B
2522,15,A
2523,8,A
2524,25,B
2525,9,B
2526,13,A
2527,11,A
2528,5,B
2529,15,A
2530,9,B
2531,24,A
2532,14,A
2533,13,B
2534,35,B
2535,12,A
2536,11,B
2537,6,A
2538,6,A
2539,24,A
2540,6,A
2541,40,A
2542,10,B
2543,7,A
2544,6,B
2545,8,B
2546,15,B
2547,16,A
2548,42,B
2549,5,A
2550,6,A
2551,13,B
2552,32,B
2553,14,A
2554,26,B
2555,14,B
2556,6,B
2557,12,A
2558,14,A
2559,13,A
2560,10,A
2561,41,B
2562,41,A
2563,7,B
2564,20,A
2565,10,B
2566,6,A
2567,20,B
2568,23,A
2569,6,B
2570,47,A
2571,9,A
2572,32,B
2573,25,A
2574,30,B
2575,6,A
2576,43,B
2577,6,B
2578,16,B
2579,66,B
2580,5,B
2581,22,B
2582,8,A
2583,6,B
2584,9,B
2585,16,A
2586,11,A
2587,6,B
2588,5,B
2589,12,B
2590,11,A
2591,10,B
2592,14,B
2593,26,B
2594,8,B
2595,24,B
2596,20,A
2597,30,B
2598,57,B
2599,23,A
2600,56,B
2601,16,B
2602,25,B
2603,13,A
2604,22,B
2605,18,A
2606,18,B
2607,31,A
2608,8,A
2609,12,B
2610,6,A
2611,13,A
2612,6,A
2613,6,A
2614,38,B
2615,8,A
2616,16,A
2617,55,B
2618,16,A
2619,21,A
2620,13,A
2621,11,B
2622,12,A
2623,22,B
2624,5,B
2625,7,A
2626,20,B
2627,27,B
2628,13,A
2629,6,A
2630,16,B
2631,8,A
2632,9,A
2633,36,B
2634,18,B
2635,39,A
2636,18,B
2637,11,A
2638,27,A
2639,31,B
2640,6,A
2641,44,B
2642,36,B
2643,6,A
2644,7,A
2645,8,A
2646,15,B
2647,18,A
2648,25,B
2649,10,A
2650,15,B
2651,15,B
2652,9,B
2653,27,B
2654,16,B
2655,9,A
2656,51,B
2657,27,B
2658,22,A
2659,35,B
2660,7,B
2661,9,A
2662,15,A
2663,30,A
2664,24,B
2665,12,A
2666,7,A
2667,7,A
2668,11,B
2669,16,B
2670,21,A
2671,40,B
2672,8,B
2673,13,A
2674,5,B
2675,10,A
2676,24,B
2677,12,B
2678,17,A
2679,13,A
2680,23,B
2681,42,B
2682,14,A
2683,16,A
2684,11,B
2685,15,A
2686,19,A
2687,9,A
2688,12,A
2689,6,A
2690,29,A
2691,6,B
2692,14,A
2693,6,A
2694,10,A
2695,15,A
2696,6,A
2697,11,B
2698,14,A
2699,19,A
2700,10,B
2701,14,A
2702,10,A
2703,25,B
2704,59,B
2705,7,B
2706,7,A
2707,6,A
2708,16,A
2709,11,A
2710,6,A
2711,12,B
2712,8,A
2713,38,A
2714,47,B
2715,35,B
2716,32,A
2717,19,B
2718,22,A
2719,12,B
2720,37,A
2721,9,A
2722,8,B
2723,6,A
2724,32,B
2725,6,A
2726,21,B
2727,13,B
2728,20,A
2729,8,B
2730,12,A
2731,5,A
2732,5,A
2733,16,B
2734,11,B
2735,5,B
2736,12,A
2737,14,A
2738,37,A
2739,10,B
2740,21,A
2741,16,A
2742,5,B
2743,10,A
2744,23,B
2745,7,A
2746,41,B
2747,23,A
2748,19,B
2749,8,A
2750,22,A
2751,9,A
2752,6,A
2753,11,B
2754,9,A
2755,10,A
2756,8,A
2757,13,A
2758,7,A
2759,7,A
2760,24,B
2761,13,A
2762,10,A
2763,36,A
2764,24,B
2765,10,B
2766,7,A
2767,7,A
2768,17,A
2769,46,A
2770,15,B
2771,13,B
2772,11,B
2773,8,B
2774,14,B
2775,17,A
2776,21,B
2777,5,B
2778,13,B
2779,7,A
2780,28,B
2781,21,B
2782,14,B
2783,15,A
2784,6,A
2785,25,B
2786,38,A
2787,16,A
2788,14,A
2789,20,A
2790,12,A
2791,24,B
2792,7,A
2793,14,A
2794,22,B
2795,17,B
2796,8,A
2797,5,A
2798,18,A
2799,14,A
2800,6,A
2801,27,B
2802,47,B
2803,6,A
2804,5,B
2805,8,A
2806,5,A
2807,28,A
2808,12,A
2809,6,B
2810,12,A
2811,10,B
2812,18,B
2813,13,A
2814,16,B
2815,28,B
2816,21,A
2817,27,B
2818,14,B
2819,10,B
2820,25,B
2821,17,A
2822,14,B
2823,8,B
2824,22,B
2825,15,A
2826,12,A
2827,7,B
2828,17,A
2829,6,A
2830,17,B
2831,6,B
2832,8,A
2833,17,A
2834,20,A
2835,16,B
2836,21,A
2837,21,B
2838,13,A
2839,7,A
2840,11,A
2841,17,A
2842,11,A
2843,8,B
2844,22,B
2845,8,B
2846,10,B
2847,22,A
2848,10,A
2849,9,A
2850,38,B
2851,7,B
2852,13,B
2853,12,A
2854,10,A
2855,18,A
2856,7,A
2857,22,A
2858,6,A
2859,14,A
2860,36,B
2861,9,A
2862,60,B
2863,16,A
2864,26,B
2865,6,A
2866,45,A
2867,10,A
2868,8,A
2869,24,A
2870,36,A
2871,9,B
2872,17,A
2873,32,B
2874,9,A
2875,29,A
2876,30,B
2877,10,B
2878,9,A
2879,26,A
2880,6,A
2881,33,A
2882,20,A
2883,26,A
2884,6,A
2885,19,B
2886,13,B
2887,16,B
2888,13,A
2889,41,B
2890,13,B
2891,6,B
2892,9,B
2893,7,A
2894,9,A
2895,16,B
2896,14,A
2897,21,B
2898,20,B
2899,36,A
2900,18,B
2901,8,A
2902,14,A
2903,28,A
2904,14,A
2905,44,B
2906,28,B
2907,6,B
2908,15,A
2909,27,A
2910,21,A
2911,14,B
2912,28,A
2913,11,A
2914,34,B
2915,6,B
2916,6,A
2917,49,A
2918,10,B
2919,10,A
2920,6,A
2921,18,B
2922,24,A
2923,7,B
2924,69,A
2925,31,A
2926,20,A
2927,22,A
2928,8,B
2929,13,B
2930,26,B
2931,13,A
2932,12,A
2933,52,A
2934,7,B
2935,13,B
2936,36,B
2937,8,B
2938,17,B
2939,30,B
2940,9,A
2941,9,B
2942,23,A
2943,19,A
2944,15,A
2945,28,B
2946,18,B
2947,9,A
2948,13,B
2949,5,A
2950,38,A
2951,33,B
2952,77,B
2953,9,A
2954,23,B
2955,30,A
2956,7,A
2957,27,B
2958,9,B
2959,40,A
2960,17,A
2961,37,B
2962,6,B
2963,5,A
2964,6,A
2965,23,A
2966,39,B
2967,32,B
2968,10,A
2969,33,A
2970,26,A
2971,24,B
2972,21,B
2973,7,B
2974,17,A
2975,7,B
2976,9,A
2977,9,A
2978,16,A
2979,23,A
2980,20,B
2981,41,A
2982,18,A
2983,10,B
2984,16,B
2985,55,B
2986,5,B
2987,14,A
2988,16,B
2989,6,B
2990,15,A
2991,11,A
2992,6,B
2993,6,B
2994,14,B
2995,12,B
2996,29,B
2997,5,B
2998,14,B
2999,38,A
3000,11,A
3001,31,B
3002,7,A
3003,11,B
3004,13,A
3005,11,B
3006,9,B
3007,6,A
3008,48,B
3009,8,B
3010,13,A
3011,26,A
3012,26,A
3013,11,B
3014,21,A
3015,17,A
3016,11,B
3017,10,A
3018,9,B
3019,20,B
3020,20,A
3021,22,B
3022,23,B
3023,21,A
3024,34,B
3025,40,B
3026,6,B
3027,23,B
3028,7,A
3029,16,A
3030,5,B
3031,17,A
3032,8,B
3033,10,A
3034,11,B
3035,45,B
3036,8,A
3037,17,B
3038,7,A
3039,5,A
3040,17,A
3041,13,B
3042,18,A
3043,16,B
3044,29,A
3045,14,A
3046,8,B
3047,10,B
3048,13,B
3049,8,B
3050,22,B
3051,38,B
3052,19,B
3053,13,A
3054,8,A
3055,6,A
3056,17,A
3057,41,B
3058,15,B
3059,11,A
3060,14,A
3061,26,B
3062,10,B
3063,30,A
3064,24,A
3065,52,B
3066,16,A
3067,40,A
3068,19,A
3069,6,B
3070,5,A
3071,14,B
3072,26,B
3073,12,A
3074,28,A
3075,18,B
3076,7,B
3077,14,B
3078,19,A
3079,9,B
3080,23,A
3081,19,B
3082,21,A
3083,20,B
3084,27,A
3085,29,B
3086,9,B
3087,13,B
3088,13,A
3089,19,A
3090,12,B
3091,27,B
3092,23,B
3093,29,B
3094,10,A
3095,19,B
3096,39,A
3097,21,B
3098,30,B
3099,8,B
3100,37,B
3101,75,B
3102,7,B
3103,6,A
3104,10,A
3105,10,B
3106,13,A
3107,37,B
3108,6,B
3109,7,A
3110,42,B
3111,22,B
3112,19,B
3113,6,A
3114,11,B
3115,16,B
3116,6,B
3117,7,A
3118,40,A
3119,22,B
3120,12,A
3121,10,A
3122,7,A
3123,15,B
3124,20,B
3125,8,A
3126,19,A
3127,21,A
3128,15,A
3129,9,A
3130,37,A
3131,22,B
3132,9,B
3133,37,B
3134,15,A
3135,15,A
3136,34,B
3137,10,A
3138,8,B
3139,23,B
3140,8,B
3141,53,B
3142,20,A
3143,21,B
3144,6,B
3145,35,B
3146,12,B
3147,8,B
3148,14,B
3149,19,B
3150,10,A
3151,14,B
3152,20,A
3153,28,B
3154,13,A
3155,7,A
3156,10,A
3157,15,A
3158,9,A
3159,12,A
3160,30,A
3161,38,A
3162,6,B
3163,7,A
3164,6,A
3165,58,B
3166,17,A
3167,27,B
3168,13,B
3169,25,B
3170,9,B
3171,7,B
3172,10,A
3173,36,B
3174,11,B
3175,7,A
3176,6,B
3177,33,A
3178,28,B
3179,8,A
3180,21,A
3181,7,B
3182,5,B
3183,27,B
3184,24,A
3185,23,B
3186,15,B
3187,10,A
3188,18,B
3189,9,B
3190,24,A
3191,24,A
3192,22,A
3193,9,A
3194,8,B
3195,10,A
3196,62,A
3197,21,B
3198,10,B
3199,7,B
3200,19,A
3201,24,A
3202,21,A
3203,20,B
3204,30,B
3205,6,A
3206,7,B
3207,8,B
3208,15,A
3209,55,A
3210,34,B
3211,8,B
3212,5,A
3213,10,A
3214,11,A
3215,12,A
3216,7,A
3217,19,A
3218,17,A
3219,24,B
3220,29,B
3221,14,B
3222,6,B
3223,16,A
3224,15,B
3225,22,B
3226,12,B
3227,23,A
3228,20,B
3229,10,B
3230,16,A
3231,25,A
3232,14,B
3233,23,B
3234,20,B
3235,5,A
3236,24,A
3237,51,A
3238,8,B
3239,7,B
3240,11,A
3241,23,A
3242,24,B
3243,6,A
3244,31,B
3245,13,A
3246,6,B
3247,9,A
3248,19,B
3249,14,B
3250,39,A
3251,13,B
3252,8,A
3253,22,B
3254,12,A
3255,9,B
3256,17,A
3257,10,B
3258,19,B
3259,7,A
3260,13,A
3261,19,A
3262,9,A
3263,30,B
3264,19,B
3265,7,A
3266,10,A
3267,5,A
3268,16,A
3269,32,B
3270,84,B
3271,34,A
3272,25,A
3273,31,B
3274,25,B
3275,25,B
3276,7,B
3277,8,A
3278,13,A
3279,9,B
3280,14,B
3281,27,B
3282,42,A
3283,5,B
3284,83,B
3285,8,B
3286,9,A
3287,5,A
3288,21,B
3289,30,B
3290,9,B
3291,8,A
3292,17,B
3293,7,B
3294,9,A
3295,9,A
3296,12,A
3297,24,A
3298,16,A
3299,6,B
3300,9,B
3301,5,A
3302,11,A
3303,6,A
3304,57,B
3305,7,B
3306,5,A
3307,7,A
3308,8,A
3309,16,B
3310,16,A
3311,15,B
3312,18,B
3313,12,A
3314,23,A
3315,9,A
3316,20,B
3317,7,A
3318,10,B
3319,11,B
3320,22,B
3321,31,A
3322,47,A
3323,12,B
3324,11,B
3325,35,A
3326,13,A
3327,24,A
3328,7,A
3329,7,B
3330,12,A
3331,7,A
3332,45,B
3333,14,B
3334,28,B
3335,28,B
3336,27,A
3337,6,A
3338,7,B
3339,9,A
3340,11,A
3341,45,A
3342,13,B
3343,32,A
3344,10,B
3345,8,B
3346,9,A
3347,6,B
3348,15,B
3349,8,A
3350,61,B
3351,19,B
3352,8,A
3353,12,A
3354,7,A
3355,10,B
3356,17,A
3357,37,B
3358,23,A
3359,9,A
3360,15,A
3361,9,A
3362,16,B
3363,28,B
3364,32,B
3365,8,B
3366,12,A
3367,15,A
3368,9,A
3369,8,B
3370,5,A
3371,5,A
3372,26,A
3373,24,A
3374,22,B
3375,11,B
3376,45,A
3377,26,B
3378,6,B
3379,5,B
3380,7,A
3381,6,A
3382,10,B
3383,16,A
3384,16,A
3385,18,B
3386,5,A
3387,12,B
3388,22,A
3389,5,A
3390,10,B
3391,45,A
3392,9,B
3393,9,A
3394,22,A
3395,7,B
3396,10,A
3397,17,B
3398,25,A
3399,9,B
3400,25,B
3401,27,A
3402,23,B
3403,9,A
3404,7,B
3405,26,B
3406,39,B
3407,12,A
3408,7,A
3409,30,A
3410,25,B
3411,15,B
3412,26,B
3413,14,B
3414,43,A
3415,9,A
3416,21,A
3417,5,B
3418,5,B
3419,32,B
3420,38,A
3421,14,B
3422,13,B
3423,35,B
3424,18,B
3425,15,B
3426,5,A
3427,20,A
3428,35,B
3429,37,B
3430,6,B
3431,28,B
3432,16,B
3433,21,A
3434,14,A
3435,9,A
3436,15,A
3437,9,B
3438,5,B
3439,14,A
3440,6,B
3441,7,B
3442,32,A
3443,11,B
3444,10,B
3445,8,A
3446,5,B
3447,15,B
3448,7,A
3449,117,B
3450,17,B
3451,28,A
3452,26,B
3453,30,B
3454,5,A
3455,42,B
3456,26,B
3457,51,A
3458,13,A
3459,20,B
3460,7,B
3461,9,A
3462,9,B
3463,5,A
3464,14,B
3465,28,A
3466,6,B
3467,6,B
3468,57,B
3469,17,B
3470,7,B
3471,13,B
3472,17,B
3473,33,B
3474,16,A
3475,5,B
3476,5,A
3477,10,A
3478,22,A
3479,9,B
3480,8,A
3481,7,B
3482,31,B
3483,10,B
3484,11,A
3485,6,B
3486,8,B
3487,30,A
3488,6,B
3489,37,A
3490,16,A
3491,20,A
3492,10,A
3493,9,A
3494,15,B
3495,7,B
3496,10,A
3497,29,B
3498,20,A
3499,19,A
3500,11,A
3501,8,B
3502,5,A
3503,22,A
3504,5,A
3505,7,A
3506,9,A
3507,16,B
3508,39,B
3509,35,B
3510,9,A
3511,24,A
3512,21,A
3513,8,B
3514,82,B
3515,7,A
3516,35,A
3517,12,B
3518,27,A
3519,12,B
3520,15,B
3521,13,A
3522,7,A
3523,13,B
3524,49,A
3525,8,B
3526,18,A
3527,24,A
3528,25,A
3529,16,B
3530,31,A
3531,7,B
3532,16,B
3533,7,A
3534,46,B
3535,13,A
3536,7,A
3537,6,A
3538,27,B
3539,14,B
3540,8,A
3541,18,B
3542,5,B
3543,6,A
3544,17,B
3545,27,A
3546,18,A
3547,6,A
3548,19,A
3549,23,B
3550,44,B
3551,15,A
3552,17,B
3553,13,B
3554,10,B
3555,7,B
3556,26,A
3557,47,A
3558,7,A
3559,32,B
3560,11,B
3561,9,B
3562,8,B
3563,19,A
3564,23,B
3565,10,A
3566,24,B
3567,13,B
3568,36,A
3569,12,A
3570,22,B
3571,15,A
3572,21,B
3573,33,A
3574,6,A
3575,6,B
3576,34,B
3577,9,A
3578,7,B
3579,7,B
3580,16,B
3581,7,B
3582,14,A
3583,21,B
3584,7,B
3585,11,B
3586,18,B
3587,28,B
3588,11,A
3589,16,A
3590,5,A
3591,38,B
3592,11,B
3593,8,B
3594,5,A
3595,5,A
3596,21,A
3597,11,B
3598,12,A
3599,23,B
3600,19,A
3601,7,A
3602,25,B
3603,8,B
3604,6,A
3605,10,A
3606,33,A
3607,7,A
3608,6,B
3609,7,A
3610,23,B
3611,12,A
3612,32,A
3613,24,B
3614,14,B
3615,37,B
3616,14,B
3617,5,A
3618,7,B
3619,23,A
3620,6,B
3621,13,B
3622,62,A
3623,15,A
3624,16,B
3625,5,B
3626,22,A
3627,6,B
3628,20,A
3629,7,B
3630,8,B
3631,8,B
3632,7,A
3633,19,B
3634,25,B
3635,10,B
3636,48,A
3637,15,B
3638,15,A
3639,16,B
3640,15,B
3641,9,B
3642,12,B
3643,6,B
3644,11,B
3645,6,A
3646,16,A
3647,23,B
3648,24,A
3649,12,A
3650,8,B
3651,17,A
3652,21,A
3653,23,A
3654,16,B
3655,8,A
3656,7,B
3657,8,A
3658,11,B
3659,5,A
3660,16,A
3661,19,A
3662,11,B
3663,14,A
3664,7,A
3665,17,A
3666,5,B
3667,6,A
3668,21,B
3669,14,B
3670,10,B
3671,30,A
3672,45,A
3673,19,B
3674,39,B
3675,7,B
3676,7,A
3677,11,B
3678,6,A
3679,11,B
3680,42,A
3681,11,B
3682,9,A
3683,9,B
3684,8,A
3685,37,A
3686,54,A
3687,15,A
3688,11,B
3689,28,B
3690,30,B
3691,10,A
3692,8,A
3693,12,B
3694,51,B
3695,6,A
3696,19,A
3697,37,A
3698,11,A
3699,10,A
3700,9,B
3701,11,B
3702,8,A
3703,5,B
3704,5,B
3705,6,B
3706,31,A
3707,12,B
3708,29,A
3709,16,A
3710,13,B
3711,25,B
3712,15,B
3713,5,B
3714,10,A
3715,29,A
3716,7,B
3717,11,A
3718,6,B
3719,23,A
3720,17,A
3721,13,B
3722,10,B
3723,5,B
3724,42,B
3725,5,B
3726,13,B
3727,18,A
3728,28,A
3729,17,A
3730,17,B
3731,22,B
3732,19,B
3733,28,A
3734,9,B
3735,32,A
3736,19,B
3737,10,A
3738,22,B
3739,6,B
3740,8,A
3741,6,B
3742,14,A
3743,22,B
3744,8,B
3745,19,B
3746,6,B
3747,9,A
3748,10,A
3749,7,A
3750,18,B
3751,9,B
3752,9,B
3753,29,A
3754,30,A
3755,8,B
3756,14,B
3757,11,B
3758,40,B
3759,11,A
3760,7,A
3761,7,A
3762,14,B
3763,16,B
3764,34,B
3765,12,A
3766,5,B
3767,27,B
3768,19,A
3769,20,A
3770,5,B
3771,43,B
3772,11,A
3773,11,A
3774,16,B
3775,8,A
3776,28,B
3777,15,A
3778,9,A
3779,14,A
3780,57,A
3781,19,A
3782,6,B
3783,5,A
3784,11,B
3785,35,A
3786,16,A
3787,15,A
3788,23,A
3789,13,B
3790,31,B
3791,22,B
3792,12,A
3793,9,A
3794,5,B
3795,24,A
3796,7,A
3797,5,A
3798,24,B
3799,29,A
3800,10,B
3801,10,B
3802,37,A
3803,14,B
3804,12,A
3805,27,A
3806,10,A
3807,10,B
3808,18,B
3809,16,B
3810,16,A
3811,5,A
3812,66,B
3813,20,A
3814,5,A
3815,7,A
3816,6,B
3817,17,B
3818,22,A
3819,10,B
3820,33,B
3821,7,A
3822,7,B
3823,7,A
3824,10,A
3825,9,B
3826,12,A
3827,17,B
3828,8,B
3829,54,B
3830,24,A
3831,21,B
3832,10,A
3833,9,B
3834,5,A
3835,29,B
3836,14,A
3837,19,B
3838,33,A
3839,31,B
3840,24,B
3841,12,A
3842,21,A
3843,10,B
3844,7,B
3845,7,A
3846,13,B
3847,6,A
3848,12,A
3849,25,B
3850,81,A
3851,37,A
3852,10,A
3853,6,B
3854,12,B
3855,26,B
3856,38,B
3857,10,B
3858,5,A
3859,22,B
3860,5,B
3861,8,A
3862,46,A
3863,12,B
3864,18,B
3865,9,A
3866,6,B
3867,25,B
3868,17,B
3869,19,A
3870,14,A
3871,15,B
3872,10,B
3873,8,A
3874,5,B
3875,6,A
3876,5,B
3877,35,A
3878,9,A
3879,32,A
3880,6,B
3881,28,A
3882,11,A
3883,10,B
3884,8,A
3885,13,B
3886,48,B
3887,36,A
3888,18,B
3889,8,B
3890,20,A
3891,14,A
3892,12,A
3893,7,B
3894,9,A
3895,20,B
3896,25,B
3897,52,B
3898,6,A
3899,7,B
3900,8,A
3901,22,A
3902,20,A
3903,13,A
3904,5,A
3905,27,A
3906,5,B
3907,6,B
3908,32,A
3909,33,B
3910,26,A
3911,15,B
3912,5,B
3913,5,B
3914,16,B
3915,10,A
3916,10,B
3917,15,A
3918,15,B
3919,12,A
3920,7,A
3921,14,A
3922,6,A
3923,54,A
3924,14,B
3925,11,A
3926,17,B
3927,7,A
3928,20,B
3929,7,A
3930,11,A
3931,8,B
3932,7,B
3933,22,A
3934,22,B
3935,28,A
3936,8,B
3937,54,A
3938,15,A
3939,45,B
3940,65,A
3941,15,B
3942,21,A
3943,18,A
3944,24,A
3945,20,A
3946,23,A
3947,14,A
3948,21,B
3949,7,B
3950,7,B
3951,11,B
3952,16,B
3953,32,B
3954,21,B
3955,7,A
3956,17,B
3957,12,A
3958,21,A
3959,18,B
3960,44,B
3961,19,A
3962,14,B
3963,21,B
3964,7,B
3965,20,B
3966,49,A
3967,39,B
3968,5,A
3969,19,A
3970,5,B
3971,22,B
3972,41,A
3973,30,B
3974,14,B
3975,5,A
3976,7,A
3977,18,B
3978,9,A
3979,8,A
3980,17,B
3981,13,A
3982,6,B
3983,24,A
3984,14,B
3985,17,A
3986,5,B
3987,5,A
3988,55,A
3989,14,B
3990,7,B
3991,13,B
3992,6,B
3993,23,B
3994,65,A
3995,10,B
3996,16,B
3997,70,A
3998,12,A
3999,35,A
4000,16,B
4001,31,A
4002,6,B
4003,6,A
4004,9,B
4005,63,B
4006,16,B
4007,32,B
4008,31,A
4009,36,A
4010,16,B
4011,13,B
4012,16,B
4013,18,B
4014,10,A
4015,5,A
4016,6,A
4017,5,A
4018,10,B
4019,8,B
4020,30,A
4021,5,B
4022,5,B
4023,10,A
4024,22,A
4025,5,B
4026,7,A
4027,15,A
4028,18,B
4029,19,A
4030,6,B
4031,32,B
4032,13,A
4033,43,A
4034,52,B
4035,35,B
4036,8,B
4037,19,B
4038,21,B
4039,24,B
4040,14,A
4041,5,B
4042,22,A
4043,17,A
4044,12,A
4045,11,A
4046,40,B
4047,17,A
4048,6,A
4049,26,B
4050,34,B
4051,31,A
4052,9,B
4053,32,B
4054,36,A
4055,20,B
4056,19,A
4057,8,A
4058,9,B
4059,10,A
4060,9,A
4061,10,A
4062,12,B
4063,22,A
4064,22,B
4065,17,A
4066,23,B
4067,8,A
4068,10,B
4069,19,B
4070,10,A
4071,7,B
4072,10,B
4073,8,A
4074,6,A
4075,10,A
4076,10,A
4077,18,A
4078,28,B
4079,15,A
4080,6,A
4081,7,B
4082,14,B
4083,31,A
4084,18,B
4085,23,B
4086,19,B
4087,43,A
4088,42,A
4089,16,B
4090,11,A
4091,5,A
4092,17,A
4093,25,B
4094,23,B
4095,12,A
4096,5,A
4097,7,B
4098,8,B
4099,13,A
4100,10,A
4101,29,A
4102,43,A
4103,10,B
4104,16,B
4105,6,B
4106,19,A
4107,6,B
4108,8,B
4109,92,B
4110,36,A
4111,12,B
4112,17,B
4113,14,A
4114,20,A
4115,11,B
4116,29,B
4117,8,A
4118,47,A
4119,23,B
4120,6,A
4121,22,B
4122,5,A
4123,21,B
4124,8,A
4125,23,B
4126,64,A
4127,6,A
4128,5,B
4129,12,A
4130,25,B
4131,17,A
4132,17,B
4133,15,B
4134,8,B
4135,13,B
4136,11,B
4137,5,B
4138,16,A
4139,10,B
4140,13,B
4141,16,A
4142,24,B
4143,33,A
4144,47,B
4145,19,A
4146,5,B
4147,10,A
4148,29,B
4149,14,B
4150,32,B
4151,12,B
4152,8,B
4153,34,B
4154,14,B
4155,8,B
4156,5,A
4157,28,A
4158,12,B
4159,13,A
4160,16,A
4161,5,B
4162,13,B
4163,6,A
4164,27,A
4165,63,B
4166,11,A
4167,18,A
4168,14,B
4169,21,A
4170,47,B
4171,10,B
4172,15,B
4173,8,A
4174,17,A
4175,10,B
4176,5,B
4177,9,A
4178,7,B
4179,35,A
4180,39,B
4181,61,A
4182,32,B
4183,30,A
4184,71,A
4185,19,A
4186,18,B
4187,8,A
4188,6,B
4189,8,A
4190,73,A
4191,32,B
4192,16,B
4193,16,B
4194,14,A
4195,16,A
4196,18,A
4197,16,A
4198,10,B
4199,13,B
4200,11,A
4201,6,A
4202,8,B
4203,7,A
4204,38,A
4205,21,A
4206,8,A
4207,13,B
4208,10,B
4209,26,B
4210,5,A
4211,69,B
4212,5,B
4213,17,A
4214,8,B
4215,7,B
4216,42,A
4217,39,A
4218,5,A
4219,40,A
4220,16,B
4221,32,A
4222,12,B
4223,18,B
4224,24,B
4225,9,A
4226,17,A
4227,28,A
4228,20,B
4229,33,A
4230,13,A
4231,52,B
4232,19,A
4233,24,B
4234,12,B
4235,10,A
4236,5,B
4237,11,A
4238,19,A
4239,9,A
4240,12,A
4241,11,B
4242,25,B
4243,17,A
4244,9,A
4245,25,B
4246,6,A
4247,9,A
4248,6,B
4249,13,B
4250,11,B
4251,27,A
4252,11,A
4253,10,A
4254,56,B
4255,5,B
4256,35,B
4257,6,B
4258,13,B
4259,36,A
4260,9,B
4261,7,A
4262,13,B
4263,15,A
4264,11,B
4265,34,A
4266,10,B
4267,14,B
4268,54,B
4269,37,B
4270,5,B
4271,9,B
4272,23,B
4273,9,B
4274,16,A
4275,19,B
4276,13,B
4277,12,A
4278,75,A
4279,16,A
4280,30,B
4281,15,A
4282,8,A
4283,46,A
4284,15,B
4285,47,A
4286,27,A
4287,23,A
4288,31,B
4289,13,B
4290,16,A
4291,10,A
4292,33,B
4293,57,B
4294,15,A
4295,19,B
4296,15,B
4297,16,A
4298,9,A
4299,11,B
4300,20,B
4301,16,B
4302,45,B
4303,14,A
4304,17,A
4305,35,B
4306,10,A
4307,16,B
4308,12,A
4309,13,B
4310,38,A
4311,7,A
4312,7,B
4313,9,B
4314,37,A
4315,23,B
4316,6,B
4317,10,A
4318,20,A
4319,11,B
4320,25,B
4321,14,A
4322,11,A
4323,9,B
4324,21,A
4325,18,A
4326,18,A
4327,20,A
4328,9,A
4329,13,A
4330,13,B
4331,14,B
4332,9,B
4333,5,B
4334,8,B
4335,24,A
4336,31,B
4337,6,A
4338,42,B
4339,33,B
4340,22,B
4341,6,A
4342,24,A
4343,7,A
4344,30,A
4345,47,B
4346,36,B
4347,23,A
4348,11,B
4349,8,B
4350,38,A
4351,9,A
4352,43,A
4353,6,A
4354,11,B
4355,11,B
4356,13,B
4357,11,B
4358,9,A
4359,16,B
4360,12,A
4361,23,A
4362,8,B
4363,35,A
4364,36,A
4365,9,A
4366,8,B
4367,7,A
4368,28,B
4369,15,A
4370,56,A
4371,9,B
4372,16,A
4373,12,B
4374,12,B
4375,6,A
4376,6,B
4377,33,B
4378,32,B
4379,19,B
4380,5,A
4381,12,A
4382,26,B
4383,21,A
4384,6,B
4385,26,B
4386,17,B
4387,13,B
4388,15,B
4389,8,B
4390,28,B
4391,11,B
4392,27,B
4393,27,B
4394,10,B
4395,28,A
4396,13,B
4397,11,A
4398,21,B
4399,13,A
4400,6,A
4401,7,B
4402,6,B
4403,16,A
4404,6,A
4405,48,A
4406,8,A
4407,46,A
4408,5,A
4409,23,A
4410,25,A
4411,13,B
4412,36,B
4413,24,B
4414,38,B
4415,19,B
4416,8,A
4417,16,B
4418,7,B
4419,37,A
4420,8,A
4421,15,A
4422,18,A
4423,11,A
4424,13,A
4425,12,B
4426,13,A
4427,14,A
4428,7,A
4429,18,A
4430,7,A
4431,30,B
4432,25,A
4433,15,B
4434,14,B
4435,6,A
4436,6,A
4437,21,A
4438,19,B
4439,16,B
4440,15,A
4441,6,A
4442,19,B
4443,15,B
4444,15,A
4445,26,A
4446,17,B
4447,15,B
4448,15,B
4449,22,B
4450,10,A
4451,16,B
4452,5,B
4453,51,B
4454,35,B
4455,6,A
4456,6,A
4457,9,B
4458,22,A
4459,13,A
4460,6,A
4461,6,A
4462,15,B
4463,14,A
4464,9,A
4465,6,A
4466,10,B
4467,22,A
4468,16,A
4469,15,B
4470,10,B
4471,6,A
4472,7,B
4473,8,B
4474,16,B
4475,12,A
4476,5,A
4477,20,A
4478,24,B
4479,29,B
4480,11,A
4481,42,A
4482,9,A
4483,32,B
4484,27,A
4485,14,B
4486,21,B
4487,14,B
4488,7,A
4489,27,A
4490,12,B
4491,19,B
4492,14,B
4493,20,B
4494,5,A
4495,19,B
4496,6,B
4497,12,B
4498,16,A
4499,19,B
4500,21,B
4501,42,A
4502,9,B
4503,23,A
4504,24,B
4505,29,A
4506,37,A
4507,24,B
4508,18,A
4509,10,B
4510,10,A
4511,20,B
4512,22,A
4513,20,B
4514,8,B
4515,13,A
4516,40,B
4517,28,A
4518,36,A
4519,24,B
4520,10,B
4521,5,B
4522,16,B
4523,17,A
4524,11,A
4525,8,A
4526,10,B
4527,8,A
4528,49,B
4529,5,B
4530,13,B
4531,19,B
4532,44,A
4533,9,B
4534,9,A
4535,12,A
4536,8,B
4537,11,A
4538,10,B
4539,12,A
4540,7,A
4541,29,A
4542,9,A
4543,24,A
4544,5,A
4545,25,B
4546,12,B
4547,17,B
4548,47,B
4549,24,B
4550,9,B
4551,28,A
4552,30,A
4553,34,B
4554,11,A
4555,13,A
4556,25,A
4557,17,B
4558,18,B
4559,6,B
4560,7,A
4561,23,A
4562,18,A
4563,26,A
4564,15,B
4565,16,B
4566,43,A
4567,8,A
4568,6,B
4569,31,B
4570,6,A
4571,16,A
4572,37,A
4573,9,B
4574,8,A
4575,5,A
4576,15,B
4577,20,B
4578,21,A
4579,23,A
4580,32,B
4581,22,A
4582,6,B
4583,33,A
4584,18,B
4585,41,A
4586,21,A
4587,25,B
4588,22,A
4589,17,A
4590,8,B
4591,6,A
4592,20,B
4593,5,A
4594,11,B
4595,6,B
4596,13,B
4597,11,A
4598,19,A
4599,15,B
4600,38,A
4601,19,B
4602,9,A
4603,10,A
4604,13,B
4605,11,A
4606,9,A
4607,21,B
4608,10,B
4609,11,A
4610,24,B
4611,7,A
4612,15,B
4613,39,B
4614,5,B
4615,18,A
4616,12,B
4617,13,A
4618,11,A
4619,13,B
4620,70,A
4621,6,A
4622,28,B
4623,15,B
4624,16,B
4625,23,B
4626,25,A
4627,17,A
4628,17,A
4629,44,B
4630,40,A
4631,12,A
4632,24,B
4633,27,B
4634,28,A
4635,14,A
4636,27,A
4637,29,A
4638,13,B
4639,38,B
4640,10,A
4641,7,A
4642,28,B
4643,19,B
4644,7,A
4645,9,A
4646,6,B
4647,27,A
4648,57,A
4649,109,A
4650,18,A
4651,30,A
4652,8,B
4653,9,A
4654,34,A
4655,22,B
4656,17,B
4657,6,B
4658,36,B
4659,10,B
4660,13,B
4661,8,A
4662,7,A
4663,11,A
4664,40,B
4665,8,A
4666,8,B
4667,13,A
4668,19,A
4669,11,B
4670,10,B
4671,14,A
4672,16,B
4673,7,A
4674,19,A
4675,7,B
4676,51,B
4677,27,A
4678,5,B
4679,12,B
4680,6,B
4681,17,A
4682,9,A
4683,22,B
4684,35,A
4685,17,B
4686,12,B
4687,45,B
4688,58,A
4689,25,A
4690,36,B
4691,15,A
4692,33,A
4693,6,B
4694,8,A
4695,20,B
4696,12,A
4697,6,B
4698,39,B
4699,5,A
4700,34,A
4701,15,A
4702,56,B
4703,13,A
4704,40,B
4705,17,B
4706,7,B
4707,13,B
4708,30,B
4709,12,B
4710,22,B
4711,12,A
4712,7,A
4713,31,B
4714,8,B
4715,11,A
4716,9,B
4717,9,B
4718,13,B
4719,8,A
4720,12,A
4721,9,A
4722,8,A
4723,10,B
4724,9,A
4725,7,B
4726,27,B
4727,17,B
4728,17,B
4729,8,B
4730,10,B
4731,5,A
4732,6,A
4733,13,B
4734,14,A
4735,18,B
4736,12,B
4737,7,A
4738,20,B
4739,11,A
4740,15,B
4741,7,A
4742,6,A
4743,18,B
4744,77,A
4745,12,B
4746,18,B
4747,21,B
4748,10,B
4749,6,A
4750,12,B
4751,30,B
4752,28,B
4753,9,A
4754,9,B
4755,6,B
4756,12,A
4757,10,A
4758,10,A
4759,9,B
4760,8,B
4761,9,A
4762,7,B
4763,15,B
4764,5,A
4765,25,B
4766,9,B
4767,9,B
4768,13,A
4769,49,A
4770,9,A
4771,46,A
4772,16,B
4773,21,B
4774,14,A
4775,6,B
4776,11,A
4777,36,A
4778,20,B
4779,17,A
4780,11,B
4781,8,A
4782,34,A
4783,5,B
4784,16,A
4785,34,A
4786,7,B
4787,13,B
4788,14,A
4789,19,B
4790,8,A
4791,23,A
4792,7,A
4793,18,A
4794,15,A
4795,14,B
4796,19,B
4797,8,A
4798,19,A
4799,9,B
4800,6,A
4801,34,A
4802,22,A
4803,14,A
4804,5,A
4805,48,A
4806,14,A
4807,6,A
4808,9,B
4809,14,A
4810,27,A
4811,8,B
4812,8,A
4813,75,A
4814,12,B
4815,24,A
4816,21,B
4817,5,B
4818,62,B
4819,7,A
4820,11,B
4821,15,A
4822,5,B
4823,32,A
4824,21,B
4825,11,A
4826,16,B
4827,8,A
4828,26,B
4829,11,A
4830,39,A
4831,13,B
4832,29,B
4833,12,A
4834,30,B
4835,15,A
4836,15,A
4837,20,B
4838,23,B
4839,20,A
4840,17,B
4841,31,A
4842,11,A
4843,7,A
4844,12,A
4845,13,A
4846,10,A
4847,13,B
4848,22,A
4849,31,B
4850,17,A
4851,8,B
4852,45,A
4853,10,A
4854,10,B
4855,7,B
4856,20,B
4857,7,A
4858,5,A
4859,5,B
4860,6,A
4861,23,B
4862,7,B
4863,6,A
4864,7,A
4865,7,B
4866,18,B
4867,23,A
4868,5,B
4869,7,B
4870,6,B
4871,5,A
4872,14,B
4873,5,B
4874,22,B
4875,8,B
4876,6,B
4877,28,B
4878,11,A
4879,13,A
4880,11,B
4881,5,B
4882,6,B
4883,10,B
4884,5,B
4885,27,B
4886,33,B
4887,25,A
4888,11,B
4889,10,B
4890,16,A
4891,13,A
4892,51,B
4893,18,A
4894,23,B
4895,13,A
4896,12,B
4897,9,B
4898,40,B
4899,31,A
4900,5,A
4901,6,A
4902,16,A
4903,9,A
4904,11,B
4905,13,A
4906,6,B
4907,7,A
4908,7,B
4909,11,A
4910,36,A
4911,23,A
4912,7,A
4913,5,A
4914,14,A
4915,18,B
4916,27,B
4917,38,A
4918,23,A
4919,16,A
4920,18,A
4921,20,B
4922,7,A
4923,28,B
4924,26,B
4925,13,A
4926,8,A
4927,26,B
4928,7,B
4929,6,B
4930,9,B
4931,7,B
4932,27,B
4933,7,B
4934,61,A
4935,19,A
4936,8,A
4937,21,A
4938,7,A
4939,16,B
4940,9,A
4941,11,B
4942,7,A
4943,20,B
4944,31,B
4945,37,B
4946,18,A
4947,38,A
4948,17,A
4949,31,B
4950,23,B
4951,9,A
4952,14,A
4953,6,A
4954,20,A
4955,10,A
4956,9,B
4957,9,B
4958,12,B
4959,6,A
4960,10,B
4961,31,B
4962,13,B
4963,31,A
4964,27,A
4965,11,A
4966,9,A
4967,21,A
4968,22,A
4969,10,B
4970,14,B
4971,5,A
4972,17,A
4973,17,A
4974,9,A
4975,7,A
4976,5,A
4977,7,A
4978,28,A
4979,52,B
4980,13,A
4981,11,B
4982,9,A
4983,10,A
4984,21,A
4985,13,B
4986,14,A
4987,14,B
4988,13,A
4989,17,B
4990,30,A
4991,9,B
4992,13,A
4993,7,B
4994,10,A
4995,7,A
4996,8,A
4997,10,A
4998,5,A
4999,14,B
5000,7,B
5001,13,B
5002,11,A
5003,7,B
5004,18,A
5005,5,A
5006,24,B
5007,6,A
5008,24,A
5009,19,B
5010,18,B
5011,13,B
5012,6,A
5013,12,A
5014,11,B
5015,24,B
5016,7,B
5017,14,B
5018,9,A
5019,16,A
5020,8,A
5021,29,B
5022,6,A
5023,18,A
5024,26,B
5025,34,B
5026,5,A
5027,23,A
5028,29,A
5029,5,B
5030,5,A
5031,11,B
5032,47,B
5033,28,B
5034,38,A
5035,26,A
5036,6,A
5037,37,A
5038,20,B
5039,7,A
5040,5,A
5041,54,A
5042,23,A
5043,6,A
5044,5,A
5045,5,A
5046,12,A
5047,74,B
5048,15,A
5049,38,B
5050,5,B
5051,24,A
5052,19,A
5053,23,B
5054,29,B
5055,21,B
5056,12,B
5057,17,B
5058,14,A
5059,8,A
5060,36,B
5061,6,A
5062,11,A
5063,6,A
5064,36,B
5065,8,A
5066,7,A
5067,92,A
5068,33,A
5069,9,B
5070,8,B
5071,26,B
5072,11,B
5073,38,B
5074,12,A
5075,5,B
5076,7,A
5077,15,A
5078,21,A
5079,10,B
5080,11,A
5081,20,A
5082,18,A
5083,9,B
5084,26,A
5085,22,A
5086,6,A
5087,6,B
5088,5,B
5089,19,B
5090,14,A
5091,38,B
5092,12,A
5093,7,B
5094,28,A
5095,30,B
5096,8,B
5097,12,A
5098,5,A
5099,15,B
5100,15,A
5101,8,B
5102,15,A
5103,17,A
5104,5,B
5105,6,A
5106,17,B
5107,9,B
5108,14,A
5109,72,B
5110,5,B
5111,22,A
5112,42,B
5113,19,B
5114,14,B
5115,8,B
5116,42,A
5117,8,A
5118,12,A
5119,14,A
5120,11,A
5121,15,B
5122,19,A
5123,33,B
5124,18,B
5125,40,B
5126,9,A
5127,9,A
5128,6,B
5129,11,B
5130,17,B
5131,10,B
5132,50,B
5133,35,A
5134,21,A
5135,6,B
5136,26,A
5137,16,A
5138,13,A
5139,15,B
5140,12,A
5141,6,B
5142,7,B
5143,7,B
5144,14,A
5145,28,B
5146,9,B
5147,12,B
5148,11,B
5149,23,B
5150,10,A
5151,26,A
5152,16,A
5153,38,A
5154,25,B
5155,22,B
5156,11,B
5157,12,A
5158,17,B
5159,8,B
5160,22,A
5161,27,A
5162,31,A
5163,29,A
5164,51,B
5165,7,B
5166,19,B
5167,8,A
5168,36,A
5169,6,B
5170,10,B
5171,6,A
5172,8,A
5173,21,B
5174,20,B
5175,6,B
5176,15,B
5177,17,B
5178,45,B
5179,24,B
5180,12,A
5181,51,A
5182,6,A
5183,6,B
5184,31,B
5185,11,B
5186,34,B
5187,12,A
5188,15,B
5189,19,A
5190,8,A
5191,11,B
5192,24,A
5193,16,B
5194,15,A
5195,22,B
5196,11,B
5197,10,B
5198,59,A
5199,37,A
5200,5,B
5201,15,B
5202,14,B
5203,9,B
5204,6,A
5205,12,A
5206,10,A
5207,28,B
5208,12,A
5209,5,B
5210,7,B
5211,15,B
5212,9,B
5213,15,B
5214,17,B
5215,9,A
5216,16,B
5217,6,B
5218,14,A
5219,18,A
5220,6,B
5221,25,B
5222,24,B
5223,10,B
5224,6,A
5225,21,A
5226,29,A
5227,42,A
5228,7,B
5229,48,B
5230,20,B
5231,11,B
5232,5,A
5233,13,A
5234,24,A
5235,14,A
5236,21,A
5237,8,B
5238,8,A
5239,21,B
5240,17,A
5241,6,A
5242,11,A
5243,6,A
5244,8,A
5245,9,B
5246,16,A
5247,46,B
5248,32,A
5249,13,B
5250,9,B
5251,19,B
5252,40,B
5253,8,A
5254,7,B
5255,15,A
5256,22,A
5257,23,B
5258,15,A
5259,20,B
5260,11,B
5261,17,B
5262,8,A
5263,25,B
5264,76,B
5265,35,A
5266,20,A
5267,5,A
5268,13,B
5269,6,A
5270,18,B
5271,21,A
5272,14,B
5273,23,A
5274,49,B
5275,20,A
5276,5,A
5277,16,A
5278,27,A
5279,9,A
5280,9,A
5281,25,B
5282,29,B
5283,11,B
5284,14,B
5285,18,B
5286,11,B
5287,7,B
5288,15,B
5289,7,A
5290,48,B
5291,5,B
5292,11,A
5293,17,A
5294,21,A
5295,16,A
5296,8,A
5297,18,A
5298,28,B
5299,9,A
5300,11,B
5301,66,A
5302,58,A
5303,14,A
5304,5,A
5305,5,A
5306,20,A
5307,9,B
5308,19,A
5309,16,B
5310,35,B
5311,18,A
5312,26,A
5313,6,A
5314,81,B
5315,14,A
5316,11,A
5317,31,B
5318,32,A
5319,8,A
5320,6,A
5321,7,B
5322,12,B
5323,27,B
5324,14,B
5325,38,B
5326,29,A
5327,8,B
5328,53,A
5329,11,B
5330,16,A
5331,11,A
5332,7,B
5333,22,A
5334,12,B
5335,8,B
5336,11,B
5337,6,B
5338,12,B
5339,6,A
5340,18,B
5341,24,A
5342,7,B
5343,24,B
5344,48,B
5345,8,B
5346,6,B
5347,16,A
5348,16,A
5349,27,A
5350,9,A
5351,11,A
5352,11,B
5353,27,A
5354,6,A
5355,27,A
5356,15,B
5357,22,A
5358,10,B
5359,7,A
5360,16,A
5361,7,B
5362,7,A
5363,19,A
5364,11,B
5365,21,A
5366,16,B
5367,22,A
5368,15,A
5369,8,B
5370,5,B
5371,29,A
5372,29,B
5373,21,B
5374,8,A
5375,21,A
5376,10,A
5377,22,B
5378,6,A
5379,19,A
5380,22,A
5381,14,A
5382,17,A
5383,8,A
5384,11,A
5385,17,A
5386,5,B
5387,13,A
5388,10,A
5389,38,A
5390,9,A
5391,5,A
5392,17,A
5393,10,B
5394,5,B
5395,21,B
5396,6,B
5397,21,B
5398,5,B
5399,9,A
5400,35,A
5401,16,B
5402,21,B
5403,10,B
5404,9,A
5405,11,B
5406,13,A
5407,15,A
5408,20,A
5409,13,B
5410,17,B
5411,6,A
5412,18,B
5413,7,A
5414,7,A
5415,6,A
5416,24,B
5417,5,A
5418,14,B
5419,33,B
5420,33,B
5421,12,B
5422,25,A
5423,47,A
5424,35,B
5425,43,A
5426,16,B
5427,11,B
5428,6,A
5429,30,A
5430,5,B
5431,14,B
5432,6,B
5433,42,A
5434,9,B
5435,17,A
5436,75,A
5437,23,B
5438,10,A
5439,24,B
5440,8,A
5441,7,A
5442,9,A
5443,8,B
5444,32,B
5445,24,A
5446,5,A
5447,7,A
5448,6,B
5449,12,B
5450,13,A
5451,9,A
5452,17,A
5453,9,B
5454,5,A
5455,13,B
5456,7,A
5457,23,A
5458,23,B
5459,8,B
5460,7,A
5461,33,A
5462,5,B
5463,7,A
5464,22,B
5465,7,B
5466,11,B
5467,33,B
5468,9,A
5469,29,A
5470,40,B
5471,33,A
5472,8,A
5473,23,A
5474,10,A
5475,5,A
5476,12,A
5477,10,B
5478,15,A
5479,5,A
5480,35,B
5481,10,B
5482,11,B
5483,29,A
5484,16,A
5485,11,B
5486,5,B
5487,10,B
5488,25,B
5489,36,A
5490,9,A
5491,21,A
5492,15,A
5493,7,B
5494,33,B
5495,39,A
5496,8,B
5497,18,B
5498,13,B
5499,13,A
5500,66,A
5501,42,A
5502,12,B
5503,11,B
5504,52,A
5505,34,A
5506,15,B
5507,6,B
5508,14,A
5509,6,A
5510,17,B
5511,14,A
5512,27,B
5513,38,B
5514,18,B
5515,11,A
5516,10,B
5517,19,A
5518,5,A
5519,7,B
5520,5,B
5521,10,B
5522,7,A
5523,46,B
5524,5,B
5525,11,A
5526,7,B
5527,7,A
5528,5,A
5529,14,A
5530,14,A
5531,72,B
5532,5,A
5533,15,B
5534,5,B
5535,26,B
5536,15,A
5537,5,B
5538,24,A
5539,67,A
5540,19,A
5541,11,A
5542,10,A
5543,14,A
5544,9,B
5545,13,A
5546,6,A
5547,7,B
5548,64,A
5549,13,B
5550,20,A
5551,8,B
5552,11,B
5553,23,A
5554,14,A
5555,7,A
5556,10,B
5557,8,B
5558,5,B
5559,10,A
5560,17,B
5561,43,B
5562,12,A
5563,15,B
5564,24,B
5565,9,B
5566,7,A
5567,31,B
5568,12,B
5569,24,B
5570,29,B
5571,21,B
5572,35,A
5573,6,A
5574,8,A
5575,17,A
5576,42,B
5577,15,B
5578,8,B
5579,6,A
5580,7,B
5581,15,A
5582,35,A
5583,35,B
5584,8,A
5585,30,B
5586,25,B
5587,5,B
5588,16,B
5589,8,A
5590,22,B
5591,6,B
5592,27,B
5593,13,A
5594,16,B
5595,29,A
5596,6,B
5597,5,B
5598,8,B
5599,12,A
5600,10,B
5601,6,A
5602,7,B
5603,21,B
5604,15,B
5605,8,B
5606,48,B
5607,27,A
5608,26,B
5609,20,A
5610,7,B
5611,27,A
5612,6,A
5613,14,B
5614,5,B
5615,18,A
5616,15,A
5617,37,A
5618,22,A
5619,8,B
5620,21,B
5621,7,B
5622,9,B
5623,9,A
5624,41,B
5625,5,B
5626,7,B
5627,59,B
5628,27,A
5629,13,B
5630,8,B
5631,31,B
5632,12,A
5633,10,A
5634,12,B
5635,24,B
5636,21,B
5637,11,A
5638,24,B
5639,6,A
5640,15,B
5641,22,B
5642,12,A
5643,40,A
5644,7,B
5645,11,B
5646,18,B
5647,32,B
5648,27,B
5649,8,B
5650,6,A
5651,52,B
5652,42,B
5653,27,A
5654,12,A
5655,22,A
5656,9,A
5657,29,B
5658,36,A
5659,61,B
5660,86,A
5661,10,A
5662,5,B
5663,7,B
5664,23,A
5665,38,A
5666,5,A
5667,38,B
5668,32,A
5669,46,B
5670,13,A
5671,19,B
5672,8,B
5673,31,A
5674,18,A
5675,23,A
5676,28,B
5677,7,A
5678,10,A
5679,17,B
5680,7,A
5681,76,B
5682,9,B
5683,21,A
5684,18,A
5685,7,A
5686,14,A
5687,20,A
5688,28,B
5689,6,B
5690,9,A
5691,7,A
5692,28,B
5693,13,B
5694,20,B
5695,12,B
5696,15,A
5697,7,B
5698,5,B
5699,11,A
5700,12,A
5701,48,A
5702,11,B
5703,11,A
5704,5,A
5705,9,B
5706,10,A
5707,12,A
5708,34,B
5709,8,B
5710,28,B
5711,6,A
5712,8,A
5713,9,A
5714,36,A
5715,26,B
5716,9,B
5717,20,B
5718,20,B
5719,5,A
5720,9,B
5721,61,A
5722,10,B
5723,6,A
5724,11,B
5725,10,B
5726,5,A
5727,6,B
5728,8,A
5729,28,A
5730,8,A
5731,27,B
5732,30,A
5733,44,A
5734,16,B
5735,147,B
5736,15,A
5737,6,B
5738,38,A
5739,5,A
5740,11,A
5741,32,B
5742,17,A
5743,7,A
5744,12,A
5745,22,A
5746,24,A
5747,8,A
5748,27,B
5749,6,B
5750,27,B
5751,28,B
5752,11,A
5753,5,A
5754,12,B
5755,20,B
5756,6,A
5757,14,B
5758,10,A
5759,8,B
5760,11,A
5761,11,B
5762,22,B
5763,6,A
5764,12,A
5765,13,A
5766,42,A
5767,9,A
5768,51,A
5769,35,A
5770,15,A
5771,30,B
5772,8,A
5773,28,A
5774,57,B
5775,8,B
5776,15,B
5777,16,B
5778,5,A
5779,16,B
5780,63,A
5781,7,B
5782,10,B
5783,18,B
5784,18,A
5785,10,B
5786,17,B
5787,19,B
5788,14,A
5789,7,B
5790,5,B
5791,13,B
5792,35,B
5793,16,A
5794,6,A
5795,19,B
5796,59,A
5797,11,B
5798,24,A
5799,12,B
5800,6,B
5801,9,B
5802,9,B
5803,9,B
5804,33,B
5805,10,A
5806,8,B
5807,37,B
5808,15,B
5809,12,B
5810,9,B
5811,23,B
5812,37,B
5813,29,B
5814,6,B
5815,6,B
5816,8,B
5817,44,B
5818,7,A
5819,9,A
5820,11,A
5821,7,B
5822,28,A
5823,9,A
5824,8,A
5825,18,B
5826,9,A
5827,7,B
5828,10,B
5829,16,B
5830,6,B
5831,14,A
5832,11,A
5833,16,B
5834,14,A
5835,8,A
5836,9,A
5837,45,B
5838,15,B
5839,12,A
5840,22,A
5841,19,B
5842,30,A
5843,17,B
5844,39,B
5845,15,A
5846,49,A
5847,43,B
5848,76,B
5849,75,B
5850,6,B
5851,15,A
5852,5,B
5853,33,A
5854,10,A
5855,14,B
5856,11,A
5857,5,B
5858,21,B
5859,18,A
5860,5,B
5861,17,B
5862,12,B
5863,14,A
5864,13,B
5865,33,B
5866,83,B
5867,14,B
5868,9,A
5869,10,B
5870,11,A
5871,17,B
5872,16,A
5873,10,B
5874,32,B
5875,16,B
5876,16,A
5877,9,A
5878,6,B
5879,17,B
5880,12,A
5881,13,A
5882,23,A
5883,33,B
5884,18,A
5885,8,B
5886,40,B
5887,19,B
5888,8,B
5889,13,B
5890,5,B
5891,8,A
5892,9,B
5893,59,A
5894,7,B
5895,18,B
5896,18,B
5897,22,A
5898,17,B
5899,17,B
5900,27,A
5901,47,A
5902,35,A
5903,19,A
5904,34,B
5905,8,A
5906,13,B
5907,18,A
5908,7,B
5909,19,A
5910,32,B
5911,21,A
5912,17,B
5913,10,B
5914,8,B
5915,19,B
5916,11,A
5917,19,A
5918,32,B
5919,7,A
5920,6,A
5921,13,B
5922,13,B
5923,5,A
5924,34,A
5925,17,A
5926,17,A
5927,8,A
5928,7,B
5929,17,B
5930,23,B
5931,6,A
5932,14,B
5933,11,B
5934,19,A
5935,17,A
5936,17,A
5937,8,A
5938,9,A
5939,7,A
5940,6,A
5941,11,B
5942,37,A
5943,38,B
5944,34,A
5945,15,B
5946,5,A
5947,21,A
5948,15,B
5949,34,B
5950,13,A
5951,21,B
5952,15,A
5953,36,A
5954,58,B
5955,10,B
5956,18,B
5957,6,A
5958,12,A
5959,7,B
5960,74,B
5961,22,A
5962,7,A
5963,24,B
5964,7,B
5965,29,A
5966,11,A
5967,23,A
5968,6,A
5969,5,A
5970,20,A
5971,15,A
5972,8,A
5973,14,A
5974,7,A
5975,6,B
5976,41,B
5977,8,B
5978,8,B
5979,52,B
5980,11,A
5981,37,A
5982,10,B
5983,6,B
5984,10,A
5985,13,A
5986,9,A
5987,72,A
5988,6,A
5989,17,A
5990,23,A
5991,10,A
5992,34,A
5993,22,A
5994,35,B
5995,26,A
5996,18,A
5997,30,A
5998,31,A
5999,13,A
6000,18,A
6001,46,B
6002,9,B
6003,56,B
6004,14,A
6005,12,A
6006,15,A
6007,12,B
6008,7,A
6009,78,B
6010,5,A
6011,6,A
6012,7,B
6013,23,B
6014,15,B
6015,13,B
6016,7,A
6017,11,B
6018,12,A
6019,18,B
6020,17,B
6021,33,A
6022,11,A
6023,17,B
6024,8,A
6025,8,B
6026,6,A
6027,6,A
6028,7,A
6029,21,B
6030,27,A
6031,16,A
6032,5,B
6033,17,B
6034,17,B
6035,12,B
6036,7,A
6037,26,A
6038,9,A
6039,29,A
6040,12,A
6041,22,A
6042,7,B
6043,11,B
6044,7,B
6045,8,B
6046,13,A
6047,8,A
6048,16,A
6049,94,B
6050,16,A
6051,9,B
6052,6,A
6053,13,A
6054,7,A
6055,32,A
6056,16,B
6057,9,A
6058,5,B
6059,23,B
6060,25,B
6061,6,A
6062,9,A
6063,37,A
6064,9,A
6065,27,B
6066,13,B
6067,8,B
6068,5,B
6069,18,B
6070,16,A
6071,8,B
6072,18,B
6073,36,B
6074,28,A
6075,17,B
6076,7,A
6077,12,B
6078,12,A
6079,13,B
6080,42,A
6081,34,A
6082,27,A
6083,6,A
6084,8,B
6085,8,A
6086,46,B
6087,37,B
6088,10,A
6089,40,A
6090,41,B
6091,8,A
6092,16,A
6093,19,B
6094,20,B
6095,18,A
6096,9,B
6097,7,A
6098,9,A
6099,18,A
6100,10,A
6101,29,A
6102,28,B
6103,20,B
6104,11,B
6105,18,A
6106,17,A
6107,15,A
6108,9,B
6109,19,B
6110,29,B
6111,26,A
6112,17,A
6113,79,A
6114,9,B
6115,18,A
6116,5,B
6117,16,B
6118,10,A
6119,54,A
6120,16,A
6121,19,B
6122,7,A
6123,7,A
6124,7,A
6125,6,A
6126,17,B
6127,10,A
6128,26,A
6129,8,B
6130,9,A
6131,24,B
6132,12,B
6133,13,A
6134,6,A
6135,10,A
6136,12,B
6137,24,B
6138,29,B
6139,45,B
6140,8,B
6141,13,A
6142,6,B
6143,18,A
6144,12,A
6145,11,B
6146,52,A
6147,29,B
6148,6,B
6149,25,B
6150,14,B
6151,11,B
6152,5,B
6153,16,B
6154,26,B
6155,7,B
6156,8,A
6157,7,B
6158,16,B
6159,29,B
6160,22,A
6161,9,B
6162,5,A
6163,13,A
6164,18,A
6165,16,B
6166,9,A
6167,10,B
6168,17,A
6169,47,A
6170,38,B
6171,8,B
6172,7,A
6173,16,A
6174,24,B
6175,7,A
6176,8,B
6177,6,A
6178,5,B
6179,10,B
6180,17,B
6181,13,A
6182,11,B
6183,25,A
6184,38,A
6185,10,B
6186,13,A
6187,35,B
6188,10,A
6189,7,A
6190,26,B
6191,25,B
6192,32,A
6193,7,B
6194,7,A
6195,45,A
6196,12,A
6197,15,B
6198,14,A
6199,15,B
6200,15,A
6201,20,A
6202,6,A
6203,11,B
6204,16,B
6205,8,B
6206,12,B
6207,10,B
6208,7,B
6209,28,B
6210,37,B
6211,10,B
6212,54,B
6213,7,B
6214,9,A
6215,16,B
6216,6,A
6217,17,B
6218,25,A
6219,48,B
6220,18,A
6221,59,B
6222,25,A
6223,16,A
6224,12,A
6225,11,B
6226,17,B
6227,6,B
6228,9,A
6229,14,A
6230,5,A
6231,11,A
6232,33,B
6233,20,B
6234,18,B
6235,27,B
6236,7,A
6237,5,A
6238,13,B
6239,20,B
6240,67,A
6241,26,A
6242,7,A
6243,5,B
6244,22,B
6245,13,B
6246,18,A
6247,20,B
6248,8,B
6249,21,A
6250,18,A
6251,8,A
6252,19,B
6253,52,B
6254,6,A
6255,10,A
6256,33,B
6257,16,B
6258,31,A
6259,15,B
6260,7,B
6261,42,B
6262,29,A
6263,12,A
6264,84,B
6265,6,B
6266,14,A
6267,22,B
6268,21,B
6269,13,A
6270,16,A
6271,11,A
6272,42,B
6273,7,B
6274,5,A
6275,19,B
6276,30,B
6277,6,A
6278,5,A
6279,23,B
6280,7,B
6281,5,B
6282,19,A
6283,11,A
6284,6,B
6285,18,B
6286,30,A
6287,7,A
6288,8,B
6289,11,B
6290,9,B
6291,12,B
6292,28,A
6293,7,B
6294,28,B
6295,14,A
6296,9,A
6297,18,B
6298,12,B
6299,7,A
6300,5,A
6301,7,B
6302,12,A
6303,10,B
6304,11,B
6305,14,A
6306,25,A
6307,34,B
6308,10,B
6309,5,A
6310,8,B
6311,26,B
6312,19,A
6313,48,B
6314,8,A
6315,23,B
6316,7,B
6317,7,B
6318,6,A
6319,10,B
6320,28,A
6321,10,A
6322,10,B
6323,14,B
6324,15,A
6325,7,A
6326,12,A
6327,8,A
6328,14,B
6329,33,A
6330,30,A
6331,32,B
6332,6,A
6333,26,A
6334,9,B
6335,8,A
6336,38,B
6337,6,A
6338,9,A
6339,14,B
6340,13,B
6341,20,B
6342,19,B
6343,9,A
6344,8,B
6345,26,A
6346,13,A
6347,12,A
6348,6,A
6349,11,B
6350,6,A
6351,17,B
6352,30,B
6353,15,A
6354,5,B
6355,15,B
6356,23,A
6357,12,B
6358,54,A
6359,12,A
6360,35,B
6361,10,B
6362,5,B
6363,8,B
6364,58,A
6365,9,B
6366,9,A
6367,10,A
6368,14,B
6369,5,B
6370,20,A
6371,14,A
6372,12,A
6373,24,B
6374,21,A
6375,6,B
6376,14,A
6377,31,B
6378,15,A
6379,43,A
6380,11,B
6381,12,B
6382,22,A
6383,16,B
6384,30,B
6385,9,B
6386,6,A
6387,15,B
6388,8,A
6389,23,B
6390,12,B
6391,8,A
6392,6,B
6393,9,B
6394,16,B
6395,12,A
6396,11,A
6397,29,A
6398,27,B
6399,7,B
6400,5,A
6401,11,A
6402,5,A
6403,49,A
6404,7,A
6405,19,B
6406,15,B
6407,5,A
6408,8,B
6409,38,A
6410,17,B
6411,31,B
6412,23,A
6413,18,A
6414,19,A
6415,10,B
6416,75,A
6417,20,B
6418,8,B
6419,26,B
6420,11,B
6421,5,A
6422,51,A
6423,12,A
6424,26,B
6425,11,B
6426,46,B
6427,7,B
6428,12,A
6429,5,A
6430,23,A
6431,15,B
6432,20,B
6433,19,A
6434,7,B
6435,38,B
6436,6,A
6437,14,A
6438,18,A
6439,22,A
6440,16,B
6441,9,A
6442,8,A
6443,12,A
6444,10,A
6445,15,A
6446,21,A
6447,5,A
6448,10,A
6449,16,B
6450,10,B
6451,17,B
6452,35,B
6453,43,A
6454,15,A
6455,32,A
6456,42,A
6457,10,B
6458,31,A
6459,21,B
6460,8,B
6461,20,A
6462,12,A
6463,8,B
6464,13,A
6465,8,A
6466,15,B
6467,6,B
6468,5,B
6469,10,A
6470,7,A
6471,10,B
6472,10,B
6473,20,A
6474,25,A
6475,19,A
6476,16,B
6477,9,A
6478,11,A
6479,6,A
6480,25,B
6481,25,A
6482,7,B
6483,6,A
6484,27,A
6485,12,A
6486,21,A
6487,15,B
6488,24,A
6489,29,A
6490,10,B
6491,12,A
6492,22,A
6493,25,A
6494,49,B
6495,41,B
6496,5,B
6497,6,B
6498,15,B
6499,6,A
6500,13,A
6501,17,A
6502,7,A
6503,9,B
6504,23,B
6505,19,A
6506,6,A
6507,13,A
6508,41,A
6509,11,A
6510,26,A
6511,13,B
6512,10,A
6513,18,A
6514,7,B
6515,18,A
6516,16,A
6517,11,A
6518,34,A
6519,13,B
6520,16,B
6521,16,B
6522,62,A
6523,28,A
6524,42,A
6525,14,B
6526,19,B
6527,5,A
6528,19,B
6529,8,A
6530,21,A
6531,13,A
6532,24,A
6533,23,A
6534,13,A
6535,11,B
6536,8,A
6537,18,A
6538,13,A
6539,17,B
6540,10,A
6541,44,B
6542,5,A
6543,17,B
6544,6,B
6545,39,A
6546,37,A
6547,25,B
6548,5,B
6549,5,A
6550,5,B
6551,6,A
6552,5,B
6553,35,A
6554,6,A
6555,9,A
6556,22,A
6557,9,B
6558,6,A
6559,12,B
6560,23,A
6561,34,B
6562,10,A
6563,12,A
6564,16,B
6565,69,A
6566,21,A
6567,17,B
6568,68,B
6569,12,B
6570,16,B
6571,30,B
6572,13,B
6573,7,B
6574,29,A
6575,16,A
6576,8,A
6577,14,A
6578,7,A
6579,5,A
6580,6,B
6581,18,B
6582,18,A
6583,20,B
6584,14,B
6585,13,A
6586,9,A
6587,5,A
6588,5,A
6589,5,A
6590,59,A
6591,9,A
6592,8,B
6593,13,B
6594,14,A
6595,60,A
6596,47,A
6597,6,B
6598,10,B
6599,35,B
6600,28,B
6601,41,B
6602,12,B
6603,9,B
6604,81,A
6605,5,B
6606,10,B
6607,35,B
6608,13,A
6609,8,A
6610,24,B
6611,20,A
6612,12,B
6613,7,A
6614,16,A
6615,24,B
6616,47,A
6617,33,B
6618,14,B
6619,9,B
6620,8,B
6621,13,A
6622,10,B
6623,7,B
6624,8,B
6625,8,B
6626,22,B
6627,6,A
6628,20,B
6629,19,A
6630,8,B
6631,13,A
6632,19,B
6633,35,B
6634,10,A
6635,54,A
6636,6,B
6637,15,A
6638,28,B
6639,11,A
6640,6,A
6641,15,A
6642,6,A
6643,10,B
6644,6,A
6645,13,B
6646,11,B
6647,8,A
6648,11,A
6649,16,A
6650,5,B
6651,28,A
6652,14,A
6653,14,B
6654,10,A
6655,11,B
6656,7,A
6657,9,A
6658,16,B
6659,30,A
6660,33,A
6661,16,B
6662,10,B
6663,6,A
6664,25,B
6665,25,A
6666,41,B
6667,6,B
6668,25,B
6669,15,B
6670,11,A
6671,11,A
6672,14,A
6673,9,B
6674,9,A
6675,5,B
6676,8,A
6677,13,A
6678,11,B
6679,28,A
6680,28,B
6681,7,A
6682,20,B
6683,5,B
6684,10,B
6685,24,B
6686,37,B
6687,41,A
6688,27,A
6689,10,A
6690,5,B
6691,11,A
6692,20,A
6693,12,A
6694,15,A
6695,15,A
6696,14,B
6697,9,B
6698,7,B
6699,14,A
6700,9,A
6701,16,A
6702,17,A
6703,21,B
6704,11,A
6705,14,A
6706,13,B
6707,10,B
6708,22,B
6709,43,B
6710,33,A
6711,7,A
6712,7,B
6713,10,B
6714,19,A
6715,22,B
6716,14,A
6717,8,B
6718,9,A
6719,20,B
6720,29,A
6721,16,B
6722,9,A
6723,23,B
6724,7,A
6725,6,A
6726,15,B
6727,6,A
6728,7,A
6729,10,A
6730,5,A
6731,13,B
6732,76,B
6733,19,A
6734,10,B
6735,25,B
6736,37,B
6737,27,B
6738,14,A
6739,14,B
6740,21,B
6741,15,A
6742,24,B
6743,6,B
6744,11,A
6745,13,A
6746,13,A
6747,6,B
6748,39,A
6749,13,A
6750,6,A
6751,16,B
6752,19,A
6753,28,A
6754,46,A
6755,25,A
6756,8,A
6757,26,B
6758,11,A
6759,6,A
6760,5,B
6761,11,A
6762,26,A
6763,13,A
6764,39,B
6765,7,B
6766,42,A
6767,17,B
6768,12,B
6769,49,B
6770,24,A
6771,20,B
6772,25,A
6773,19,B
6774,17,B
6775,9,B
6776,7,A
6777,42,B
6778,68,B
6779,23,B
6780,36,B
6781,7,A
6782,14,B
6783,47,A
6784,9,B
6785,45,B
6786,7,A
6787,5,B
6788,9,A
6789,18,A
6790,13,B
6791,6,A
6792,20,B
6793,7,B
6794,19,A
6795,15,B
6796,5,A
6797,16,A
6798,17,A
6799,15,A
6800,56,B
6801,19,B
6802,31,B
6803,15,B
6804,19,B
6805,15,B
6806,14,B
6807,7,A
6808,7,A
6809,19,A
6810,14,A
6811,13,B
6812,11,B
6813,15,A
6814,6,B
6815,10,B
6816,21,B
6817,13,B
6818,8,B
6819,8,B
6820,12,A
6821,15,B
6822,20,B
6823,16,B
6824,13,B
6825,31,A
6826,43,B
6827,42,B
6828,34,B
6829,59,B
6830,11,A
6831,6,A
6832,13,B
6833,5,A
6834,58,B
6835,6,A
6836,9,A
6837,22,B
6838,9,B
6839,28,A
6840,5,A
6841,10,A
6842,5,A
6843,21,A
6844,27,B
6845,21,B
6846,7,A
6847,20,B
6848,22,B
6849,9,A
6850,15,B
6851,8,B
6852,10,A
6853,5,A
6854,26,B
6855,7,A
6856,37,B
6857,12,B
6858,82,A
6859,14,A
6860,18,A
6861,14,A
6862,10,A
6863,23,B
6864,8,A
6865,9,A
6866,29,A
6867,34,A
6868,43,B
6869,20,B
6870,57,B
6871,5,B
6872,25,B
6873,28,B
6874,37,A
6875,5,A
6876,11,B
6877,13,A
6878,8,B
6879,18,A
6880,39,A
6881,17,A
6882,62,B
6883,22,A
6884,53,B
6885,28,B
6886,98,A
6887,11,A
6888,8,B
6889,18,A
6890,7,A
6891,18,A
6892,14,A
6893,32,B
6894,5,B
6895,18,A
6896,8,B
6897,7,B
6898,6,B
6899,27,A
6900,5,B
6901,53,A
6902,14,B
6903,19,A
6904,15,A
6905,7,B
6906,6,A
6907,5,A
6908,59,B
6909,15,B
6910,7,B
6911,14,B
6912,13,A
6913,24,B
6914,31,A
6915,6,B
6916,33,A
6917,17,A
6918,22,A
6919,12,B
6920,6,A
6921,6,A
6922,9,B
6923,5,B
6924,7,B
6925,31,B
6926,10,B
6927,7,A
6928,8,A
6929,21,B
6930,10,B
6931,21,A
6932,9,B
6933,8,A
6934,6,A
6935,37,B
6936,27,A
6937,17,A
6938,8,A
6939,6,A
6940,6,B
6941,14,A
6942,31,A
6943,19,A
6944,12,A
6945,12,A
6946,16,B
6947,34,A
6948,5,B
6949,6,A
6950,8,B
6951,12,A
6952,6,A
6953,7,A
6954,8,A
6955,30,A
6956,12,A
6957,5,A
6958,6,A
6959,6,B
6960,11,B
6961,25,B
6962,6,A
6963,12,B
6964,12,A
6965,8,B
6966,14,A
6967,9,A
6968,10,B
6969,36,A
6970,17,B
6971,40,B
6972,8,B
6973,12,A
6974,21,B
6975,18,A
6976,16,B
6977,20,B
6978,9,A
6979,22,B
6980,12,B
6981,14,A
6982,37,B
6983,21,B
6984,21,A
6985,5,A
6986,8,A
6987,28,B
6988,5,A
6989,26,B
6990,7,B
6991,18,A
6992,24,A
6993,18,A
6994,17,B
6995,46,B
6996,22,B
6997,51,A
6998,28,A
6999,41,B
7000,18,B
7001,15,A
7002,7,B
7003,15,B
7004,7,B
7005,31,A
7006,5,A
7007,12,B
7008,49,B
7009,9,B
7010,8,A
7011,21,B
7012,10,A
7013,5,A
7014,38,B
7015,14,B
7016,16,A
7017,14,A
7018,25,A
7019,20,B
7020,6,A
7021,30,B
7022,43,A
7023,25,B
7024,10,A
7025,7,B
7026,25,A
7027,36,A
7028,15,B
7029,22,B
7030,6,B
7031,13,B
7032,18,B
7033,9,B
7034,18,B
7035,19,B
7036,72,B
7037,18,B
7038,6,A
7039,7,A
7040,15,B
7041,6,B
7042,17,A
7043,18,B
7044,15,A
7045,7,A
7046,9,B
7047,6,A
7048,11,A
7049,5,B
7050,29,A
7051,23,B
7052,9,A
7053,36,A
7054,14,A
7055,13,A
7056,14,A
7057,27,B
7058,17,A
7059,26,A
7060,31,B
7061,12,A
7062,35,A
7063,12,A
7064,8,B
7065,31,B
7066,5,A
7067,15,A
7068,25,B
7069,16,A
7070,24,B
7071,25,A
7072,18,B
7073,29,B
7074,31,B
7075,31,A
7076,7,A
7077,13,B
7078,18,B
7079,9,A
7080,10,B
7081,18,B
7082,18,B
7083,15,A
7084,23,A
7085,7,A
7086,6,A
7087,10,A
7088,26,A
7089,9,B
7090,7,B
7091,8,B
7092,22,B
7093,35,A
7094,23,A
7095,10,A
7096,17,A
7097,5,B
7098,17,B
7099,5,B
7100,28,B
7101,7,B
7102,7,A
7103,16,B
7104,7,A
7105,9,B
7106,66,B
7107,18,A
7108,19,B
7109,13,A
7110,47,A
7111,11,A
7112,19,B
7113,5,B
7114,32,A
7115,8,A
7116,15,A
7117,19,B
7118,13,A
7119,8,B
7120,7,B
7121,21,B
7122,64,B
7123,46,A
7124,5,B
7125,14,B
7126,20,B
7127,12,B
7128,5,A
7129,14,A
7130,20,B
7131,8,A
7132,8,A
7133,9,A
7134,10,A
7135,42,B
7136,11,A
7137,49,A
7138,10,A
7139,11,B
7140,29,B
7141,17,B
7142,17,B
7143,16,A
7144,21,B
7145,38,A
7146,14,A
7147,29,A
7148,43,B
7149,22,A
7150,6,B
7151,7,B
7152,9,A
7153,6,B
7154,8,B
7155,6,A
7156,7,B
7157,9,B
7158,32,B
7159,8,B
7160,20,A
7161,20,A
7162,29,B
7163,7,B
7164,8,A
7165,47,A
7166,21,B
7167,14,A
7168,10,B
7169,12,B
7170,5,A
7171,34,A
7172,25,B
7173,18,B
7174,28,B
7175,7,B
7176,11,A
7177,5,A
7178,6,B
7179,16,A
7180,5,A
7181,17,B
7182,13,A
7183,21,A
7184,25,B
7185,43,B
7186,10,B
7187,61,B
7188,13,B
7189,37,A
7190,8,A
7191,43,B
7192,41,B
7193,12,B
7194,7,B
7195,10,B
7196,6,A
7197,10,A
7198,28,B
7199,11,A
7200,40,B
7201,15,A
7202,30,B
7203,6,A
7204,5,A
7205,6,A
7206,25,B
7207,18,B
7208,16,A
7209,13,B
7210,11,A
7211,8,A
7212,7,A
7213,11,A
7214,12,B
7215,5,B
7216,59,B
7217,10,B
7218,10,A
7219,18,A
7220,8,B
7221,40,B
7222,12,B
7223,13,B
7224,11,B
7225,9,A
7226,22,B
7227,11,B
7228,5,A
7229,48,B
7230,32,A
7231,28,A
7232,10,B
7233,29,B
7234,9,B
7235,5,B
7236,10,B
7237,10,A
7238,21,B
7239,28,B
7240,8,B
7241,27,A
7242,8,A
7243,7,B
7244,5,A
7245,7,B
7246,18,B
7247,10,A
7248,21,A
7249,27,B
7250,12,B
7251,28,B
7252,47,B
7253,28,B
7254,12,B
7255,8,B
7256,13,A
7257,21,B
7258,43,B
7259,8,B
7260,7,A
7261,6,B
7262,11,B
7263,20,A
7264,5,B
7265,23,A
7266,5,B
7267,8,B
7268,12,B
7269,34,B
7270,17,A
7271,17,A
7272,9,A
7273,10,A
7274,22,B
7275,9,A
7276,34,B
7277,7,A
7278,21,B
7279,41,B
7280,7,A
7281,33,B
7282,17,B
7283,13,A
7284,24,A
7285,18,B
7286,27,A
7287,5,A
7288,16,A
7289,18,B
7290,55,B
7291,35,A
7292,41,B
7293,28,A
7294,25,B
7295,10,A
7296,5,A
7297,12,B
7298,12,B
7299,11,B
7300,39,B
7301,39,B
7302,34,B
7303,18,B
7304,9,A
7305,10,A
7306,11,B
7307,8,A
7308,20,B
7309,6,A
7310,12,B
7311,8,A
7312,5,B
7313,20,B
7314,8,A
7315,17,A
7316,12,B
7317,7,B
7318,6,B
7319,18,B
7320,6,B
7321,15,B
7322,8,B
7323,7,A
7324,10,A
7325,16,A
7326,14,B
7327,25,B
7328,16,B
7329,10,A
7330,17,A
7331,26,A
7332,11,A
7333,29,A
7334,6,A
7335,5,A
7336,7,B
7337,11,A
7338,6,B
7339,6,B
7340,24,A
7341,6,A
7342,16,A
7343,42,B
7344,16,B
7345,20,A
7346,22,B
7347,20,A
7348,6,B
7349,37,A
7350,8,A
7351,7,A
7352,17,A
7353,16,B
7354,12,B
7355,5,B
7356,86,B
7357,11,B
7358,9,B
7359,23,A
7360,6,B
7361,8,B
7362,7,A
7363,13,A
7364,7,A
7365,10,A
7366,18,A
7367,12,B
7368,5,B
7369,5,B
7370,7,B
7371,33,A
7372,6,B
7373,7,A
7374,6,B
7375,13,B
7376,14,A
7377,5,A
7378,30,A
7379,8,A
7380,35,A
7381,48,B
7382,23,B
7383,7,A
7384,5,A
7385,8,B
7386,5,B
7387,11,A
7388,9,A
7389,5,A
7390,10,A
7391,18,B
7392,23,B
7393,8,A
7394,20,A
7395,8,A
7396,16,A
7397,9,B
7398,11,A
7399,10,B
7400,12,A
7401,8,B
7402,7,B
7403,15,B
7404,31,B
7405,12,B
7406,13,B
7407,28,A
7408,6,A
7409,29,A
7410,17,B
7411,8,B
7412,32,B
7413,14,B
7414,8,A
7415,16,B
7416,15,A
7417,11,B
7418,14,B
7419,17,B
7420,44,A
7421,12,B
7422,30,A
7423,5,B
7424,10,A
7425,21,B
7426,11,A
7427,38,B
7428,29,B
7429,25,B
7430,15,A
7431,8,B
7432,22,B
7433,18,A
7434,30,B
7435,5,B
7436,22,A
7437,6,B
7438,17,A
7439,12,A
7440,26,B
7441,11,A
7442,27,A
7443,33,B
7444,6,B
7445,8,A
7446,22,A
7447,5,B
7448,10,B
7449,10,A
7450,27,A
7451,6,A
7452,7,B
7453,24,A
7454,10,A
7455,26,B
7456,9,B
7457,49,B
7458,6,A
7459,16,B
7460,7,A
7461,17,B
7462,54,A
7463,8,A
7464,21,B
7465,18,B
7466,5,A
7467,32,A
7468,14,B
7469,14,A
7470,19,A
7471,49,A
7472,30,B
7473,22,A
7474,37,B
7475,54,B
7476,29,A
7477,9,A
7478,24,A
7479,5,B
7480,30,B
7481,18,B
7482,11,A
7483,18,B
7484,13,B
7485,10,A
7486,28,B
7487,14,B
7488,45,B
7489,8,B
7490,6,A
7491,8,A
7492,10,A
7493,5,A
7494,15,A
7495,32,A
7496,19,A
7497,22,B
7498,14,A
7499,28,B
7500,25,B
7501,16,B
7502,7,B
7503,8,A
7504,10,A
7505,5,B
7506,9,B
7507,7,B
7508,14,A
7509,6,B
7510,55,A
7511,28,B
7512,38,A
7513,15,A
7514,16,B
7515,14,A
7516,6,B
7517,5,B
7518,33,B
7519,17,A
7520,13,A
7521,31,B
7522,21,B
7523,12,B
7524,17,B
7525,16,A
7526,45,B
7527,5,A
7528,18,A
7529,7,B
7530,20,B
7531,7,A
7532,7,B
7533,70,B
7534,32,A
7535,20,B
7536,34,A
7537,6,A
7538,9,B
7539,23,B
7540,45,B
7541,6,A
7542,5,A
7543,10,B
7544,11,A
7545,67,B
7546,5,B
7547,21,B
7548,46,B
7549,21,B
7550,8,A
7551,6,B
7552,31,A
7553,13,A
7554,15,B
7555,16,A
7556,8,A
7557,35,A
7558,31,B
7559,8,A
7560,15,A
7561,7,B
7562,20,A
7563,7,B
7564,26,A
7565,15,A
7566,48,A
7567,22,B
7568,51,A
7569,15,A
7570,40,B
7571,56,A
7572,28,A
7573,26,B
7574,15,B
7575,9,B
7576,22,B
7577,12,A
7578,39,A
7579,25,A
7580,19,A
7581,22,A
7582,16,B
7583,6,A
7584,18,A
7585,16,A
7586,23,A
7587,19,A
7588,10,B
7589,37,A
7590,13,A
7591,5,A
7592,42,B
7593,11,A
7594,31,A
7595,51,B
7596,33,B
7597,29,B
7598,6,A
7599,7,B
7600,12,A
7601,27,A
7602,9,A
7603,6,B
7604,16,B
7605,23,A
7606,14,A
7607,8,A
7608,14,B
7609,11,A
7610,8,A
7611,25,B
7612,22,A
7613,6,B
7614,10,B
7615,6,A
7616,62,B
7617,33,A
7618,16,B
7619,10,A
7620,12,B
7621,28,A
7622,10,A
7623,6,B
7624,6,A
7625,16,B
7626,18,B
7627,7,A
7628,9,B
7629,11,A
7630,6,B
7631,18,B
7632,9,A
7633,10,A
7634,8,B
7635,9,B
7636,8,A
7637,16,B
7638,40,A
7639,19,A
7640,32,A
7641,26,A
7642,8,B
7643,31,A
7644,39,A
7645,14,A
7646,13,A
7647,6,B
7648,10,B
7649,78,A
7650,20,B
7651,12,B
7652,27,A
7653,7,A
7654,17,A
7655,6,B
7656,9,B
7657,7,B
7658,16,B
7659,13,A
7660,9,A
7661,27,A
7662,26,B
7663,17,B
7664,17,A
7665,34,A
7666,9,B
7667,60,A
7668,25,B
7669,20,A
7670,18,B
7671,18,A
7672,7,B
7673,40,A
7674,21,A
7675,6,B
7676,7,B
7677,32,A
7678,16,A
7679,8,A
7680,11,A
7681,14,B
7682,26,A
7683,53,A
7684,47,B
7685,12,A
7686,15,B
7687,17,B
7688,13,B
7689,9,B
7690,18,A
7691,16,A
7692,18,A
7693,8,A
7694,7,B
7695,22,A
7696,10,A
7697,9,A
7698,7,B
7699,5,B
7700,12,A
7701,12,B
7702,13,A
7703,12,A
7704,66,B
7705,8,B
7706,22,A
7707,89,A
7708,8,A
7709,12,B
7710,7,B
7711,30,B
7712,9,B
7713,6,A
7714,27,B
7715,28,A
7716,8,B
7717,20,B
7718,17,A
7719,12,B
7720,14,A
7721,14,B
7722,25,B
7723,22,B
7724,27,A
7725,42,B
7726,39,B
7727,5,B
7728,13,A
7729,40,A
7730,20,A
7731,42,B
7732,9,A
7733,18,A
7734,20,A
7735,8,B
7736,10,A
7737,18,A
7738,19,B
7739,16,B
7740,13,A
7741,13,A
7742,8,B
7743,36,A
7744,6,B
7745,23,B
7746,5,B
7747,13,A
7748,10,B
7749,41,B
7750,10,A
7751,12,A
7752,18,A
7753,5,A
7754,11,B
7755,11,B
7756,10,B
7757,17,A
7758,12,B
7759,25,B
7760,14,A
7761,13,B
7762,16,A
7763,13,A
7764,7,B
7765,16,A
7766,19,A
7767,16,B
7768,71,B
7769,6,A
7770,6,B
7771,14,A
7772,13,B
7773,5,A
7774,30,A
7775,9,B
7776,20,A
7777,34,B
7778,14,B
7779,31,A
7780,41,B
7781,11,A
7782,14,A
7783,7,A
7784,8,B
7785,18,A
7786,12,A
7787,8,B
7788,5,A
7789,12,B
7790,6,B
7791,12,B
7792,6,A
7793,17,B
7794,7,B
7795,6,A
7796,15,B
7797,7,B
7798,18,A
7799,9,A
7800,11,B
7801,7,A
7802,46,A
7803,22,B
7804,21,B
7805,21,B
7806,7,B
7807,44,A
7808,5,B
7809,23,B
7810,6,A
7811,5,B
7812,17,B
7813,11,A
7814,33,B
7815,12,B
7816,16,A
7817,10,B
7818,23,B
7819,9,A
7820,8,A
7821,9,A
7822,9,A
7823,5,A
7824,5,A
7825,42,B
7826,17,B
7827,25,A
7828,25,A
7829,16,B
7830,28,B
7831,12,A
7832,13,B
7833,5,B
7834,26,A
7835,27,B
7836,28,B
7837,28,B
7838,14,A
7839,13,B
7840,27,B
7841,40,B
7842,21,B
7843,7,A
7844,19,B
7845,5,A
7846,11,A
7847,26,B
7848,12,B
7849,16,A
7850,15,A
7851,13,A
7852,11,A
7853,19,A
7854,32,B
7855,10,B
7856,23,B
7857,30,B
7858,6,A
7859,22,B
7860,44,B
7861,10,B
7862,26,B
7863,6,B
7864,8,A
7865,5,A
7866,8,B
7867,17,B
7868,6,B
7869,14,B
7870,7,A
7871,8,B
7872,22,A
7873,10,B
7874,9,B
7875,23,A
7876,22,A
7877,9,B
7878,25,B
7879,9,B
7880,15,B
7881,5,B
7882,47,A
7883,13,A
7884,12,B
7885,21,A
7886,25,B
7887,8,A
7888,13,B
7889,8,A
7890,16,B
7891,20,A
7892,13,A
7893,6,B
7894,8,A
7895,19,B
7896,7,B
7897,18,B
7898,12,B
7899,7,B
7900,23,A
7901,8,A
7902,8,A
7903,42,B
7904,27,B
7905,12,A
7906,10,B
7907,17,A
7908,23,A
7909,42,A
7910,13,A
7911,5,B
7912,36,B
7913,5,B
7914,12,A
7915,9,B
7916,22,A
7917,10,B
7918,26,B
7919,7,A
7920,21,B
7921,6,B
7922,16,B
7923,34,B
7924,41,A
7925,10,A
7926,43,B
7927,13,A
7928,6,A
7929,40,B
7930,14,A
7931,9,A
7932,11,A
7933,15,B
7934,10,A
7935,26,B
7936,11,B
7937,21,B
7938,8,B
7939,16,B
7940,15,A
7941,9,A
7942,13,B
7943,33,A
7944,6,A
7945,18,A
7946,18,B
7947,16,B
7948,12,B
7949,22,A
7950,39,A
7951,40,A
7952,22,A
7953,9,B
7954,15,A
7955,8,A
7956,18,B
7957,8,A
7958,10,B
7959,16,A
7960,16,B
7961,6,B
7962,14,A
7963,6,B
7964,17,B
7965,24,B
7966,18,A
7967,11,B
7968,25,A
7969,19,A
7970,27,A
7971,10,B
7972,19,A
7973,8,B
7974,8,A
7975,11,B
7976,9,A
7977,8,A
7978,16,B
7979,18,A
7980,30,B
7981,14,B
7982,12,A
7983,50,B
7984,8,A
7985,40,A
7986,7,A
7987,12,B
7988,30,B
7989,8,B
7990,15,B
7991,9,B
7992,15,B
7993,47,A
7994,21,B
7995,14,A
7996,11,A
7997,6,A
7998,6,A
7999,48,A
8000,24,A
8001,18,B
8002,9,A
8003,8,A
8004,21,B
8005,15,B
8006,10,B
8007,16,A
8008,5,B
8009,12,B
8010,10,B
8011,30,B
8012,13,A
8013,17,B
8014,15,B
8015,23,A
8016,32,A
8017,22,A
8018,43,A
8019,12,B
8020,5,A
8021,31,A
8022,6,A
8023,9,B
8024,16,A
8025,15,B
8026,15,A
8027,10,A
8028,5,A
8029,26,B
8030,9,B
8031,8,A
8032,10,A
8033,17,A
8034,24,B
8035,13,B
8036,29,A
8037,47,B
8038,30,B
8039,15,A
8040,15,A
8041,44,A
8042,10,B
8043,19,A
8044,8,B
8045,32,B
8046,9,A
8047,8,B
8048,14,A
8049,34,B
8050,29,A
8051,8,B
8052,24,A
8053,52,B
8054,10,A
8055,7,B
8056,25,B
8057,23,B
8058,25,B
8059,31,B
8060,7,B
8061,31,B
8062,6,A
8063,31,A
8064,16,B
8065,10,B
8066,24,A
8067,18,B
8068,15,B
8069,20,A
8070,40,A
8071,9,B
8072,28,A
8073,41,B
8074,11,A
8075,22,B
8076,28,A
8077,5,A
8078,27,B
8079,40,A
8080,6,B
8081,5,B
8082,13,A
8083,9,B
8084,23,A
8085,8,A
8086,11,A
8087,37,A
8088,17,A
8089,7,B
8090,5,A
8091,24,A
8092,31,A
8093,45,B
8094,5,A
8095,6,B
8096,6,B
8097,12,B
8098,47,A
8099,10,B
8100,7,B
8101,18,A
8102,35,B
8103,24,A
8104,16,A
8105,6,A
8106,8,B
8107,18,B
8108,8,B
8109,7,A
8110,12,B
8111,8,A
8112,21,A
8113,30,B
8114,22,A
8115,13,A
8116,12,B
8117,15,B
8118,9,A
8119,8,A
8120,17,A
8121,23,A
8122,11,A
8123,29,A
8124,33,B
8125,13,B
8126,31,A
8127,24,A
8128,37,A
8129,17,B
8130,13,A
8131,17,A
8132,21,A
8133,18,B
8134,8,B
8135,29,B
8136,5,B
8137,29,A
8138,19,A
8139,11,B
8140,62,A
8141,8,A
8142,6,A
8143,51,B
8144,10,B
8145,27,A
8146,19,A
8147,9,B
8148,16,A
8149,9,A
8150,7,A
8151,19,A
8152,5,B
8153,22,B
8154,6,A
8155,12,A
8156,39,B
8157,43,B
8158,11,B
8159,7,A
8160,5,A
8161,12,B
8162,10,B
8163,7,A
8164,6,A
8165,8,A
8166,16,B
8167,29,A
8168,7,A
8169,14,A
8170,10,B
8171,17,B
8172,8,B
8173,9,A
8174,11,B
8175,26,B
8176,8,A
8177,10,A
8178,9,B
8179,7,A
8180,12,B
8181,19,A
8182,12,A
8183,7,A
8184,8,A
8185,16,B
8186,5,B
8187,16,B
8188,15,A
8189,70,A
8190,5,A
8191,8,A
8192,7,B
8193,7,A
8194,7,A
8195,35,B
8196,17,A
8197,29,A
8198,10,B
8199,25,A
8200,10,B
8201,5,B
8202,23,B
8203,9,B
8204,9,B
8205,6,A
8206,20,A
8207,7,A
8208,5,A
8209,7,B
8210,10,B
8211,34,A
8212,12,A
8213,20,A
8214,27,B
8215,6,A
8216,32,A
8217,16,B
8218,20,A
8219,5,B
8220,13,B
8221,34,A
8222,28,A
8223,40,A
8224,16,A
8225,18,B
8226,15,B
8227,11,A
8228,21,B
8229,23,A
8230,5,A
8231,11,A
8232,5,A
8233,5,A
8234,5,B
8235,8,A
8236,28,A
8237,18,B
8238,16,A
8239,20,A
8240,7,A
8241,10,A
8242,6,A
8243,28,B
8244,7,B
8245,16,B
8246,5,B
8247,6,A
8248,6,B
8249,18,A
8250,18,B
8251,8,A
8252,8,B
8253,23,B
8254,13,B
8255,37,A
8256,8,B
8257,21,B
8258,16,B
8259,10,B
8260,19,A
8261,32,A
8262,13,B
8263,12,B
8264,55,B
8265,9,B
8266,20,B
8267,14,B
8268,9,B
8269,16,A
8270,6,B
8271,36,B
8272,20,A
8273,6,B
8274,17,B
8275,14,A
8276,12,B
8277,8,A
8278,14,A
8279,8,B
8280,15,B
8281,12,A
8282,20,B
8283,33,A
8284,29,B
8285,13,B
8286,21,B
8287,38,A
8288,26,B
8289,13,A
8290,6,A
8291,15,B
8292,7,B
8293,15,A
8294,30,B
8295,17,A
8296,16,A
8297,16,B
8298,30,B
8299,14,B
8300,14,A
8301,55,A
8302,40,B
8303,15,B
8304,13,A
8305,26,A
8306,16,A
8307,13,A
8308,8,B
8309,13,B
8310,56,B
8311,11,A
8312,12,B
8313,23,A
8314,8,B
8315,16,A
8316,27,A
8317,15,B
8318,12,B
8319,9,A
8320,21,B
8321,24,A
8322,19,B
8323,31,A
8324,14,B
8325,16,B
8326,11,A
8327,18,B
8328,15,B
8329,7,B
8330,6,A
8331,10,A
8332,25,B
8333,7,A
8334,13,A
8335,12,A
8336,26,B
8337,11,B
8338,20,B
8339,30,B
8340,8,A
8341,15,A
8342,16,B
8343,7,A
8344,19,B
8345,18,A
8346,18,A
8347,10,B
8348,9,B
8349,15,A
8350,14,B
8351,13,B
8352,8,B
8353,6,A
8354,21,B
8355,16,A
8356,6,B
8357,23,B
8358,20,B
8359,14,B
8360,28,B
8361,5,A
8362,33,B
8363,6,B
8364,24,A
8365,5,A
8366,9,A
8367,7,A
8368,17,B
8369,9,A
8370,9,B
8371,17,B
8372,9,A
8373,10,B
8374,6,A
8375,16,B
8376,12,A
8377,20,A
8378,13,B
8379,7,A
8380,8,A
8381,6,A
8382,7,B
8383,8,A
8384,14,A
8385,26,A
8386,18,B
8387,15,B
8388,19,B
8389,11,A
8390,10,A
8391,5,B
8392,9,B
8393,34,A
8394,14,A
8395,7,B
8396,22,B
8397,36,A
8398,22,B
8399,13,B
8400,50,B
8401,13,A
8402,5,B
8403,18,B
8404,7,A
8405,6,B
8406,50,B
8407,5,A
8408,13,B
8409,11,B
8410,21,B
8411,9,B
8412,16,B
8413,12,A
8414,41,A
8415,35,B
8416,9,B
8417,19,B
8418,7,B
8419,23,A
8420,13,B
8421,13,B
8422,34,B
8423,18,A
8424,13,A
8425,12,A
8426,7,A
8427,13,A
8428,45,B
8429,19,A
8430,26,B
8431,13,B
8432,57,B
8433,9,A
8434,16,B
8435,17,B
8436,11,A
8437,63,A
8438,17,B
8439,72,B
8440,7,B
8441,10,A
8442,16,A
8443,8,A
8444,16,A
8445,19,B
8446,9,B
8447,8,A
8448,11,B
8449,16,B
8450,12,A
8451,9,B
8452,23,B
8453,16,B
8454,27,A
8455,7,A
8456,19,A
8457,11,B
8458,44,B
8459,17,B
8460,10,B
8461,20,B
8462,7,A
8463,10,B
8464,17,B
8465,9,A
8466,8,B
8467,20,A
8468,10,B
8469,17,B
8470,13,B
8471,29,A
8472,25,A
8473,52,B
8474,22,B
8475,9,B
8476,50,B
8477,11,B
8478,22,A
8479,10,A
8480,30,A
8481,9,B
8482,16,B
8483,17,A
8484,8,B
8485,10,A
8486,11,A
8487,35,B
8488,29,B
8489,21,B
8490,23,B
8491,20,A
8492,40,A
8493,17,B
8494,30,A
8495,11,A
8496,27,B
8497,31,B
8498,14,B
8499,29,B
8500,27,B
8501,17,A
8502,48,B
8503,16,A
8504,38,A
8505,14,A
8506,17,A
8507,11,B
8508,12,A
8509,11,B
8510,21,B
8511,15,B
8512,6,A
8513,10,A
8514,12,B
8515,29,B
8516,10,A
8517,24,A
8518,8,B
8519,17,A
8520,5,A
8521,10,A
8522,21,A
8523,12,B
8524,6,B
8525,25,A
8526,7,B
8527,17,B
8528,17,A
8529,7,A
8530,16,B
8531,5,B
8532,37,B
8533,10,A
8534,20,B
8535,12,A
8536,43,B
8537,20,B
8538,6,B
8539,13,B
8540,16,A
8541,10,B
8542,56,B
8543,11,A
8544,15,B
8545,8,B
8546,9,B
8547,7,A
8548,13,B
8549,18,A
8550,50,B
8551,14,A
8552,10,A
8553,22,A
8554,15,A
8555,9,A
8556,11,B
8557,53,A
8558,23,A
8559,6,A
8560,23,A
8561,9,B
8562,6,A
8563,11,A
8564,17,A
8565,25,A
8566,6,B
8567,15,B
8568,26,A
8569,39,B
8570,5,A
8571,34,A
8572,60,A
8573,57,A
8574,28,A
8575,15,A
8576,25,B
8577,17,A
8578,6,B
8579,19,B
8580,8,B
8581,18,A
8582,11,A
8583,7,B
8584,14,B
8585,7,B
8586,7,A
8587,8,A
8588,46,B
8589,43,B
8590,33,A
8591,26,A
8592,9,A
8593,12,A
8594,13,B
8595,14,B
8596,5,B
8597,14,A
8598,8,B
8599,18,B
8600,7,B
8601,39,B
8602,12,A
8603,10,B
8604,6,A
8605,60,A
8606,36,B
8607,6,B
8608,17,B
8609,36,B
8610,5,B
8611,15,A
8612,6,B
8613,9,B
8614,22,B
8615,26,A
8616,8,A
8617,20,B
8618,13,A
8619,12,A
8620,15,B
8621,9,A
8622,14,A
8623,9,B
8624,27,B
8625,41,A
8626,8,A
8627,26,A
8628,49,A
8629,5,B
8630,23,A
8631,16,A
8632,13,A
8633,8,A
8634,17,A
8635,14,A
8636,9,A
8637,60,B
8638,17,A
8639,8,A
8640,13,B
8641,10,A
8642,43,A
8643,12,B
8644,16,A
8645,24,B
8646,11,B
8647,16,B
8648,31,B
8649,11,A
8650,29,A
8651,10,B
8652,5,A
8653,13,B
8654,15,B
8655,38,B
8656,12,A
8657,48,A
8658,10,A
8659,12,B
8660,12,A
8661,19,A
8662,69,B
8663,6,A
8664,12,B
8665,29,B
8666,7,B
8667,31,B
8668,6,A
8669,22,A
8670,6,B
8671,24,B
8672,17,A
8673,31,A
8674,11,B
8675,16,B
8676,48,A
8677,23,B
8678,45,A
8679,9,A
8680,27,B
8681,15,B
8682,10,A
8683,23,B
8684,28,B
8685,10,A
8686,5,A
8687,30,A
8688,33,A
8689,13,A
8690,14,A
8691,11,B
8692,14,A
8693,9,A
8694,8,A
8695,20,A
8696,23,A
8697,11,A
8698,19,B
8699,10,B
8700,20,A
8701,23,B
8702,6,B
8703,13,B
8704,7,A
8705,25,B
8706,8,B
8707,10,B
8708,21,B
8709,10,A
8710,12,B
8711,8,A
8712,9,A
8713,9,B
8714,9,B
8715,29,B
8716,9,B
8717,72,A
8718,14,B
8719,16,B
8720,17,B
8721,10,B
8722,21,B
8723,39,A
8724,13,B
8725,20,B
8726,24,A
8727,12,A
8728,14,A
8729,17,B
8730,19,B
8731,12,A
8732,9,B
8733,7,B
8734,10,A
8735,6,A
8736,8,B
8737,8,A
8738,15,B
8739,14,A
8740,14,A
8741,29,B
8742,22,B
8743,16,B
8744,11,B
8745,8,A
8746,7,A
8747,20,A
8748,17,A
8749,8,A
8750,8,B
8751,14,B
8752,24,A
8753,5,B
8754,9,A
8755,43,A
8756,9,B
8757,17,A
8758,5,B
8759,26,B
8760,12,B
8761,12,A
8762,6,B
8763,25,B
8764,15,B
8765,10,A
8766,17,B
8767,7,B
8768,10,B
8769,9,B
8770,47,A
8771,17,B
8772,7,A
8773,7,A
8774,6,B
8775,5,B
8776,10,B
8777,8,B
8778,10,A
8779,10,A
8780,10,A
8781,9,B
8782,6,B
8783,6,A
8784,21,A
8785,30,B
8786,26,A
8787,10,B
8788,36,A
8789,9,A
8790,10,B
8791,67,A
8792,30,A
8793,14,A
8794,6,B
8795,9,B
8796,19,A
8797,29,B
8798,5,A
8799,8,A
8800,8,B
8801,16,B
8802,11,A
8803,25,B
8804,8,B
8805,34,B
8806,15,B
8807,34,A
8808,13,B
8809,10,A
8810,14,A
8811,16,B
8812,13,A
8813,9,A
8814,15,A
8815,22,A
8816,29,B
8817,14,A
8818,11,A
8819,7,A
8820,5,B
8821,7,A
8822,16,A
8823,9,A
8824,13,B
8825,14,A
8826,15,B
8827,25,A
8828,8,A
8829,13,B
8830,10,B
8831,80,B
8832,10,A
8833,27,B
8834,6,B
8835,31,A
8836,27,A
8837,5,B
8838,42,B
8839,17,A
8840,28,A
8841,19,A
8842,51,B
8843,11,B
8844,77,A
8845,27,B
8846,25,A
8847,21,A
8848,13,A
8849,33,B
8850,11,A
8851,17,B
8852,32,B
8853,11,A
8854,25,B
8855,41,A
8856,7,A
8857,17,A
8858,14,A
8859,10,B
8860,58,A
8861,26,B
8862,8,A
8863,12,B
8864,41,B
8865,6,A
8866,6,A
8867,19,A
8868,14,A
8869,11,B
8870,10,B
8871,20,A
8872,8,A
8873,8,A
8874,14,B
8875,24,A
8876,22,B
8877,27,A
8878,39,A
8879,67,B
8880,15,A
8881,19,B
8882,7,B
8883,38,A
8884,24,A
8885,30,B
8886,15,B
8887,12,B
8888,7,B
8889,14,B
8890,7,A
8891,15,A
8892,11,A
8893,33,B
8894,23,A
8895,11,B
8896,13,B
8897,8,B
8898,10,A
8899,12,A
8900,17,B
8901,11,A
8902,9,B
8903,16,B
8904,8,A
8905,14,B
8906,20,A
8907,16,A
8908,12,A
8909,13,B
8910,12,B
8911,5,A
8912,17,A
8913,26,A
8914,15,A
8915,8,A
8916,30,A
8917,6,B
8918,6,A
8919,8,B
8920,19,A
8921,8,B
8922,13,B
8923,14,B
8924,48,B
8925,8,B
8926,8,A
8927,20,B
8928,25,B
8929,6,B
8930,13,B
8931,5,A
8932,42,B
8933,14,A
8934,76,A
8935,13,A
8936,18,B
8937,15,B
8938,20,A
8939,17,A
8940,43,A
8941,7,A
8942,8,A
8943,7,A
8944,32,A
8945,124,A
8946,10,B
8947,21,A
8948,9,B
8949,25,A
8950,8,B
8951,31,B
8952,37,A
8953,5,A
8954,7,B
8955,26,B
8956,7,A
8957,18,A
8958,12,A
8959,14,B
8960,5,A
8961,12,A
8962,6,B
8963,7,B
8964,9,A
8965,13,B
8966,9,B
8967,7,A
8968,63,B
8969,19,B
8970,36,B
8971,29,A
8972,14,B
8973,12,B
8974,35,A
8975,6,B
8976,16,A
8977,24,B
8978,22,B
8979,55,B
8980,22,B
8981,24,B
8982,17,A
8983,24,A
8984,25,A
8985,5,B
8986,10,A
8987,20,A
8988,40,B
8989,6,A
8990,13,A
8991,44,A
8992,35,A
8993,7,A
8994,10,A
8995,84,A
8996,6,B
8997,20,A
8998,13,A
8999,11,A
9000,10,A
9001,28,A
9002,10,A
9003,9,A
9004,27,A
9005,15,A
9006,20,B
9007,15,A
9008,24,B
9009,6,A
9010,32,A
9011,9,B
9012,20,A
9013,15,A
9014,38,B
9015,16,B
9016,8,A
9017,33,B
9018,16,B
9019,13,A
9020,13,A
9021,44,B
9022,12,A
9023,15,B
9024,36,B
9025,7,B
9026,22,B
9027,10,A
9028,10,B
9029,37,A
9030,11,B
9031,13,B
9032,7,A
9033,17,B
9034,9,B
9035,19,B
9036,6,B
9037,6,A
9038,16,B
9039,32,B
9040,13,B
9041,13,A
9042,20,A
9043,22,A
9044,12,A
9045,19,B
9046,7,B
9047,8,B
9048,18,B
9049,12,B
9050,12,B
9051,8,B
9052,26,B
9053,9,A
9054,30,B
9055,22,A
9056,15,B
9057,8,B
9058,6,A
9059,8,A
9060,26,B
9061,8,B
9062,6,B
9063,14,B
9064,6,A
9065,7,A
9066,14,A
9067,14,B
9068,8,B
9069,25,A
9070,36,B
9071,13,A
9072,41,A
9073,8,A
9074,5,A
9075,7,A
9076,8,A
9077,8,B
9078,30,A
9079,5,A
9080,21,B
9081,23,A
9082,9,A
9083,8,B
9084,10,B
9085,16,B
9086,52,A
9087,27,B
9088,25,B
9089,16,B
9090,27,A
9091,17,B
9092,5,A
9093,16,A
9094,6,B
9095,6,B
9096,8,B
9097,6,A
9098,24,B
9099,7,A
9100,5,B
9101,12,A
9102,5,A
9103,5,B
9104,5,B
9105,12,A
9106,21,B
9107,6,A
9108,13,A
9109,14,B
9110,9,B
9111,8,B
9112,12,A
9113,14,A
9114,8,B
9115,39,B
9116,24,B
9117,12,B
9118,16,A
9119,5,A
9120,12,B
9121,24,A
9122,18,B
9123,7,B
9124,9,B
9125,6,A
9126,20,A
9127,6,A
9128,6,B
9129,24,B
9130,18,B
9131,20,A
9132,13,B
9133,10,A
9134,15,B
9135,6,A
9136,27,A
9137,29,B
9138,46,B
9139,20,B
9140,8,A
9141,11,B
9142,8,A
9143,5,A
9144,19,A
9145,10,A
9146,13,A
9147,6,B
9148,38,B
9149,32,B
9150,5,B
9151,7,A
9152,32,A
9153,10,B
9154,11,B
9155,24,A
9156,14,A
9157,53,B
9158,6,A
9159,16,B
9160,7,B
9161,8,B
9162,11,A
9163,16,B
9164,14,B
9165,6,B
9166,13,A
9167,19,A
9168,32,B
9169,17,B
9170,27,A
9171,16,B
9172,6,B
9173,35,B
9174,21,A
9175,5,B
9176,10,B
9177,41,A
9178,16,A
9179,25,B
9180,38,B
9181,5,B
9182,6,A
9183,42,A
9184,7,A
9185,10,B
9186,17,A
9187,22,A
9188,20,A
9189,12,A
9190,5,A
9191,23,B
9192,14,A
9193,10,B
9194,21,A
9195,25,B
9196,5,A
9197,26,B
9198,6,A
9199,12,A
9200,7,A
9201,33,A
9202,28,B
9203,16,B
9204,8,A
9205,17,B
9206,8,B
9207,8,A
9208,9,B
9209,7,A
9210,7,B
9211,26,B
9212,8,B
9213,17,B
9214,51,B
9215,8,B
9216,19,B
9217,18,A
9218,35,B
9219,8,A
9220,24,A
9221,24,A
9222,9,A
9223,16,B
9224,5,B
9225,18,A
9226,28,B
9227,13,B
9228,5,B
9229,10,B
9230,11,A
9231,19,B
9232,13,A
9233,36,A
9234,29,A
9235,6,B
9236,20,B
9237,15,B
9238,23,B
9239,13,B
9240,8,B
9241,18,A
9242,12,A
9243,19,B
9244,33,B
9245,15,A
9246,22,B
9247,6,A
9248,8,A
9249,7,A
9250,25,B
9251,14,B
9252,13,A
9253,6,B
9254,19,B
9255,12,B
9256,36,A
9257,6,B
9258,23,A
9259,14,A
9260,8,B
9261,13,A
9262,10,A
9263,13,B
9264,26,A
9265,11,B
9266,9,B
9267,21,B
9268,7,B
9269,44,B
9270,9,A
9271,7,A
9272,14,A
9273,24,B
9274,7,A
9275,6,B
9276,9,B
9277,17,B
9278,6,B
9279,12,B
9280,9,B
9281,29,B
9282,12,A
9283,10,A
9284,17,A
9285,37,A
9286,18,B
9287,18,B
9288,9,A
9289,10,B
9290,9,A
9291,8,B
9292,30,A
9293,34,A
9294,16,A
9295,9,A
9296,8,A
9297,17,B
9298,25,B
9299,23,B
9300,10,A
9301,18,B
9302,6,A
9303,5,B
9304,5,A
9305,27,B
9306,7,B
9307,6,A
9308,24,A
9309,28,A
9310,14,B
9311,7,A
9312,7,A
9313,9,B
9314,5,B
9315,5,A
9316,8,A
9317,12,A
9318,91,B
9319,40,B
9320,7,B
9321,6,A
9322,14,A
9323,14,B
9324,17,B
9325,20,A
9326,5,A
9327,8,B
9328,9,B
9329,6,B
9330,12,A
9331,40,A
9332,25,B
9333,32,A
9334,7,B
9335,19,B
9336,7,A
9337,14,A
9338,15,B
9339,31,B
9340,58,A
9341,8,B
9342,45,B
9343,42,A
9344,9,B
9345,10,B
9346,16,A
9347,18,A
9348,7,A
9349,18,A
9350,11,A
9351,12,B
9352,18,B
9353,28,A
9354,5,A
9355,13,A
9356,44,B
9357,17,B
9358,9,A
9359,11,B
9360,7,A
9361,28,A
9362,17,A
9363,8,A
9364,20,B
9365,25,A
9366,7,B
9367,8,B
9368,5,B
9369,8,B
9370,22,B
9371,7,B
9372,6,A
9373,24,A
9374,12,A
9375,9,A
9376,18,B
9377,21,A
9378,8,B
9379,19,B
9380,12,A
9381,7,A
9382,13,A
9383,30,B
9384,18,B
9385,11,B
9386,5,B
9387,11,B
9388,5,B
9389,9,A
9390,21,A
9391,17,A
9392,6,A
9393,15,A
9394,15,B
9395,21,A
9396,39,B
9397,18,B
9398,22,B
9399,8,B
9400,9,A
9401,14,B
9402,33,B
9403,28,A
9404,33,B
9405,19,A
9406,10,A
9407,9,A
9408,25,A
9409,8,A
9410,8,A
9411,32,B
9412,14,A
9413,11,B
9414,9,B
9415,16,A
9416,31,B
9417,16,B
9418,24,A
9419,25,A
9420,16,B
9421,14,B
9422,14,A
9423,27,B
9424,9,A
9425,7,B
9426,10,A
9427,39,A
9428,8,B
9429,16,B
9430,10,B
9431,19,B
9432,12,A
9433,27,B
9434,5,B
9435,17,B
9436,24,A
9437,8,A
9438,7,B
9439,5,A
9440,8,A
9441,8,B
9442,8,A
9443,5,A
9444,17,B
9445,19,A
9446,9,B
9447,7,B
9448,20,A
9449,33,A
9450,10,B
9451,13,B
9452,19,B
9453,8,B
9454,11,A
9455,6,A
9456,5,A
9457,14,A
9458,16,A
9459,14,B
9460,7,A
9461,9,A
9462,16,A
9463,6,A
9464,22,B
9465,12,A
9466,65,B
9467,12,A
9468,72,A
9469,5,A
9470,19,B
9471,21,B
9472,8,B
9473,21,B
9474,15,A
9475,5,A
9476,12,A
9477,11,B
9478,8,B
9479,6,B
9480,14,B
9481,14,A
9482,11,A
9483,6,B
9484,14,B
9485,23,A
9486,7,B
9487,11,B
9488,17,B
9489,43,B
9490,12,A
9491,10,A
9492,20,B
9493,9,B
9494,13,A
9495,7,A
9496,18,A
9497,29,A
9498,21,A
9499,14,A
9500,9,B
9501,31,A
9502,6,A
9503,17,B
9504,6,B
9505,14,B
9506,12,B
9507,30,A
9508,27,A
9509,24,A
9510,33,B
9511,39,A
9512,7,A
9513,8,A
9514,11,A
9515,27,B
9516,6,B
9517,21,A
9518,19,A
9519,10,B
9520,15,A
9521,11,B
9522,54,B
9523,10,B
9524,5,B
9525,23,B
9526,16,A
9527,21,A
9528,17,B
9529,16,B
9530,18,A
9531,15,B
9532,26,B
9533,5,B
9534,16,A
9535,10,B
9536,8,A
9537,29,A
9538,13,B
9539,44,A
9540,27,B
9541,26,B
9542,13,B
9543,18,A
9544,9,B
9545,23,A
9546,9,B
9547,12,A
9548,22,A
9549,5,A
9550,6,B
9551,14,B
9552,9,A
9553,11,A
9554,69,A
9555,17,B
9556,69,A
9557,19,B
9558,12,B
9559,12,A
9560,37,A
9561,31,A
9562,5,B
9563,13,A
9564,7,A
9565,28,B
9566,18,A
9567,10,A
9568,57,B
9569,18,A
9570,25,A
9571,9,B
9572,13,B
9573,15,B
9574,8,A
9575,9,A
9576,8,B
9577,47,B
9578,13,A
9579,5,B
9580,6,A
9581,11,A
9582,37,A
9583,11,A
9584,5,A
9585,23,B
9586,25,B
9587,6,A
9588,6,B
9589,23,B
9590,7,A
9591,30,B
9592,5,A
9593,22,B
9594,13,B
9595,17,A
9596,5,A
9597,14,B
9598,9,A
9599,8,B
9600,5,B
9601,6,B
9602,8,A
9603,12,B
9604,18,B
9605,32,A
9606,5,B
9607,7,A
9608,23,B
9609,20,A
9610,7,B
9611,31,B
9612,5,A
9613,10,A
9614,36,B
9615,14,A
9616,20,B
9617,15,A
9618,11,B
9619,24,B
9620,7,B
9621,17,B
9622,20,A
9623,17,B
9624,5,A
9625,27,B
9626,13,B
9627,19,A
9628,17,B
9629,32,A
9630,6,B
9631,22,B
9632,12,A
9633,42,A
9634,12,B
9635,9,B
9636,26,A
9637,9,B
9638,23,B
9639,27,B
9640,14,A
9641,7,B
9642,9,B
9643,62,B
9644,5,B
9645,20,A
9646,7,A
9647,26,A
9648,6,A
9649,10,A
9650,21,A
9651,23,A
9652,9,B
9653,32,A
9654,18,B
9655,8,B
9656,24,B
9657,5,B
9658,26,B
9659,25,B
9660,44,B
9661,11,B
9662,5,B
9663,11,A
9664,7,A
9665,8,B
9666,8,B
9667,33,B
9668,13,B
9669,14,B
9670,42,A
9671,18,B
9672,19,B
9673,14,A
9674,7,A
9675,15,B
9676,15,A
9677,11,B
9678,27,A
9679,22,A
9680,8,A
9681,9,A
9682,7,A
9683,15,A
9684,18,B
9685,6,B
9686,18,B
9687,6,B
9688,14,A
9689,23,A
9690,7,A
9691,27,B
9692,7,B
9693,57,B
9694,9,B
9695,43,A
9696,19,A
9697,6,B
9698,20,A
9699,5,A
9700,17,B
9701,9,B
9702,24,A
9703,10,B
9704,5,A
9705,20,B
9706,6,A
9707,8,B
9708,13,B
9709,11,A
9710,6,B
9711,14,B
9712,44,B
9713,8,B
9714,37,B
9715,29,A
9716,13,B
9717,10,A
9718,20,A
9719,19,B
9720,48,A
9721,8,B
9722,9,B
9723,14,A
9724,7,A
9725,36,A
9726,12,A
9727,32,A
9728,8,B
9729,20,B
9730,14,B
9731,5,A
9732,5,A
9733,12,B
9734,55,B
9735,34,A
9736,5,B
9737,36,A
9738,11,B
9739,6,B
9740,7,A
9741,11,A
9742,13,B
9743,5,B
9744,5,B
9745,27,B
9746,25,B
9747,16,A
9748,17,A
9749,36,B
9750,8,A
9751,7,A
9752,21,A
9753,11,A
9754,22,A
9755,12,B
9756,14,A
9757,17,A
9758,36,B
9759,38,A
9760,11,B
9761,11,A
9762,19,B
9763,20,A
9764,19,A
9765,47,B
9766,10,B
9767,14,B
9768,8,B
9769,28,B
9770,21,A
9771,8,B
9772,8,B
9773,8,A
9774,8,B
9775,9,B
9776,5,B
9777,8,A
9778,13,A
9779,46,A
9780,6,B
9781,9,B
9782,29,B
9783,8,B
9784,6,B
9785,9,B
9786,20,B
9787,14,B
9788,33,A
9789,15,A
9790,37,A
9791,27,A
9792,9,B
9793,10,B
9794,13,B
9795,58,B
9796,15,B
9797,18,B
9798,7,A
9799,27,B
9800,23,B
9801,7,B
9802,8,A
9803,34,B
9804,32,A
9805,25,B
9806,15,A
9807,22,A
9808,19,B
9809,30,B
9810,5,B
9811,10,A
9812,5,A
9813,12,A
9814,27,A
9815,26,A
9816,12,B
9817,14,B
9818,9,A
9819,17,A
9820,14,A
9821,26,A
9822,27,A
9823,5,B
9824,11,A
9825,9,B
9826,6,B
9827,18,A
9828,9,B
9829,6,A
9830,12,A
9831,20,B
9832,8,B
9833,14,B
9834,16,B
9835,5,A
9836,9,B
9837,10,A
9838,10,B
9839,11,B
9840,16,A
9841,11,B
9842,6,A
9843,14,A
9844,24,A
9845,7,B
9846,15,B
9847,26,A
9848,15,B
9849,18,B
9850,20,A
9851,39,A
9852,20,A
9853,26,A
9854,13,B
9855,10,A
9856,24,B
9857,9,B
9858,27,B
9859,16,A
9860,41,B
9861,57,B
9862,9,B
9863,30,A
9864,27,A
9865,5,B
9866,30,B
9867,13,A
9868,8,A
9869,11,B
9870,51,B
9871,22,A
9872,13,B
9873,21,A
9874,11,A
9875,97,B
9876,10,B
9877,40,A
9878,5,A
9879,7,B
9880,27,B
9881,8,A
9882,9,A
9883,9,B
9884,43,B
9885,13,B
9886,9,B
9887,33,A
9888,23,A
9889,8,A
9890,8,A
9891,20,A
9892,8,A
9893,18,A
9894,13,A
9895,16,B
9896,6,A
9897,14,B
9898,23,A
9899,9,A
9900,17,B
9901,10,B
9902,34,A
9903,7,A
9904,13,A
9905,8,B
9906,5,A
9907,7,A
9908,16,A
9909,10,A
9910,6,A
9911,11,B
9912,9,A
9913,6,A
9914,7,B
9915,17,A
9916,20,A
9917,37,B
9918,6,A
9919,15,B
9920,5,A
9921,40,A
9922,11,B
9923,6,B
9924,12,A
9925,7,A
9926,9,B
9927,6,A
9928,9,A
9929,7,A
9930,6,B
9931,7,B
9932,9,A
9933,11,A
9934,21,B
9935,43,B
9936,11,B
9937,11,B
9938,18,B
9939,9,A
9940,21,B
9941,12,B
9942,22,B
9943,10,A
9944,49,A
9945,17,B
9946,18,A
9947,8,A
9948,22,A
9949,11,A
9950,27,A
9951,28,A
9952,6,B
9953,8,A
9954,21,B
9955,10,B
9956,24,B
9957,21,B
9958,6,A
9959,23,B
9960,14,B
9961,8,A
9962,17,A
9963,8,A
9964,8,A
9965,41,A
9966,6,A
9967,31,A
9968,32,A
9969,9,A
9970,5,A
9971,16,B
9972,5,B
9973,11,B
9974,19,B
9975,13,A
9976,40,A
9977,5,B
9978,36,A
9979,8,A
9980,14,A
9981,6,A
9982,11,B
9983,45,B
9984,17,B
9985,9,A
9986,9,A
9987,37,A
9988,9,A
9989,10,B
9990,9,B
9991,15,B
9992,6,B
9993,14,B
9994,30,B
9995,17,B
9996,31,B
9997,7,A
9998,8,B
9999,7,A
